{
	"credit": "Made with Blockbench",
	"textures": {
		"0": "blocks:bandage",
		"particle": "blocks:bandage"
	},
	"elements": [
		{
			"from": [5.9, 0, 5],
			"to": [9.9, 2, 11],
			"rotation": {"angle": 0, "axis": "y", "origin": [7, 0, 7]},
			"faces": {
				"north": {"uv": [0, 8, 4, 10], "texture": "#0"},
				"east": {"uv": [0, 6, 6, 8], "texture": "#0"},
				"south": {"uv": [8, 0, 12, 2], "texture": "#0"},
				"west": {"uv": [6, 6, 12, 8], "texture": "#0"},
				"up": {"uv": [4, 6, 0, 0], "texture": "#0"},
				"down": {"uv": [8, 0, 4, 6], "texture": "#0"}
			}
		},
		{
			"from": [6, 2, 5.05],
			"to": [7, 3, 10.95],
			"rotation": {"angle": -45, "axis": "z", "origin": [5, 2, 7]},
			"faces": {
				"north": {"uv": [3, 10, 4, 11], "texture": "#0"},
				"east": {"uv": [8, 2, 14, 3], "texture": "#0"},
				"south": {"uv": [0, 11, 1, 12], "texture": "#0"},
				"west": {"uv": [8, 3, 14, 4], "texture": "#0"},
				"up": {"uv": [5, 14, 4, 8], "texture": "#0"},
				"down": {"uv": [6, 8, 5, 14], "texture": "#0"}
			}
		},
		{
			"from": [9, 2, 5.05],
			"to": [10, 3, 10.95],
			"rotation": {"angle": -45, "axis": "z", "origin": [8, 2, 7]},
			"faces": {
				"north": {"uv": [1, 11, 2, 12], "texture": "#0"},
				"east": {"uv": [8, 4, 14, 5], "texture": "#0"},
				"south": {"uv": [2, 11, 3, 12], "texture": "#0"},
				"west": {"uv": [8, 5, 14, 6], "texture": "#0"},
				"up": {"uv": [7, 14, 6, 8], "texture": "#0"},
				"down": {"uv": [8, 8, 7, 14], "texture": "#0"}
			}
		},
		{
			"from": [6.5, 1, 4.5],
			"to": [9.5, 1, 5.5],
			"rotation": {"angle": -22.5, "axis": "x", "origin": [8, 1, 4]},
			"faces": {
				"north": {"uv": [0, 0, 3, 0], "texture": "#0"},
				"east": {"uv": [0, 0, 1, 0], "texture": "#0"},
				"south": {"uv": [0, 0, 3, 0], "texture": "#0"},
				"west": {"uv": [0, 0, 1, 0], "texture": "#0"},
				"up": {"uv": [11, 9, 8, 8], "texture": "#0"},
				"down": {"uv": [11, 9, 8, 10], "texture": "#0"}
			}
		},
		{
			"from": [6.5, 2, 10.5],
			"to": [9.5, 2, 11.5],
			"rotation": {"angle": 22.5, "axis": "x", "origin": [8, 2, 10]},
			"faces": {
				"north": {"uv": [0, 0, 3, 0], "texture": "#0"},
				"east": {"uv": [0, 0, 1, 0], "texture": "#0"},
				"south": {"uv": [0, 0, 3, 0], "texture": "#0"},
				"west": {"uv": [0, 0, 1, 0], "texture": "#0"},
				"up": {"uv": [3, 11, 0, 10], "texture": "#0"},
				"down": {"uv": [11, 10, 8, 11], "texture": "#0"}
			}
		}
	],
	"display": {
		"thirdperson_righthand": {
			"rotation": [0, -120, 0],
			"translation": [-1.25, 7.25, -1.5]
		},
		"firstperson_righthand": {
			"rotation": [-163.14, -49.31, 126.61],
			"translation": [-6, 5.75, 7.5]
		},
		"ground": {
			"rotation": [90, 0, 90],
			"translation": [-7, -0.5, 0]
		},
		"gui": {
			"rotation": [90, -100, 0],
			"scale": [2, 2, 2]
		}
	}
}