{
	"credit": "Made with Blockbench",
	"textures": {
		"0": "backrooms:blocks/batarey"
	},
	"elements": [
		{
			"from": [4, 0, 5],
			"to": [12, 4, 8],
			"faces": {
				"north": {"uv": [0, 0, 8, 4], "texture": "#0"},
				"east": {"uv": [8, 3, 11, 7], "texture": "#0"},
				"south": {"uv": [0, 4, 8, 8], "texture": "#0"},
				"west": {"uv": [8, 7, 11, 11], "texture": "#0"},
				"up": {"uv": [8, 11, 0, 8], "texture": "#0"},
				"down": {"uv": [16, 0, 8, 3], "texture": "#0"}
			}
		}
	],
	"display": {
		"thirdperson_righthand": {
			"translation": [0, 7.25, 1.75]
		},
		"firstperson_righthand": {
			"rotation": [0, 111, 0],
			"translation": [0.5, 7.5, -0.5],
			"scale": [1.08, 1, 1]
		},
		"ground": {
			"rotation": [0, 0, 90],
			"translation": [-5.5, 0, 0]
		},
		"gui": {
			"rotation": [-155.77, 37.22, 176.23],
			"translation": [1, 10.25, 0],
			"scale": [1.51954, 1.64454, 1.90625]
		}
	}
}