{
	"credit": "By NZ in Blockbench",
	"texture_size": [32, 32],
	"textures": {
		"0": "blocks:chibi_s"
	},
	"elements": [
		{
			"from": [5.96717, 0, 8.80762],
			"to": [7.96717, 2, 13.80762],
			"rotation": {"angle": 0, "axis": "y", "origin": [6.96717, 1, 11.30762]},
			"faces": {
				"north": {"uv": [8.5, 1, 9.5, 2], "texture": "#0"},
				"east": {"uv": [6, 0, 8.5, 1], "texture": "#0"},
				"south": {"uv": [4, 8.5, 5, 9.5], "texture": "#0"},
				"west": {"uv": [6, 1, 8.5, 2], "texture": "#0"},
				"up": {"uv": [7, 4.5, 6, 2], "texture": "#0"},
				"down": {"uv": [5, 6, 4, 8.5], "texture": "#0"}
			}
		},
		{
			"from": [9.03283, 0, 8.80762],
			"to": [11.03283, 2, 13.80762],
			"rotation": {"angle": -22.5, "axis": "y", "origin": [10.03283, 1, 11.30762]},
			"faces": {
				"north": {"uv": [8.5, 4.5, 9.5, 5.5], "texture": "#0"},
				"east": {"uv": [6, 4.5, 8.5, 5.5], "texture": "#0"},
				"south": {"uv": [9, 2, 10, 3], "texture": "#0"},
				"west": {"uv": [5, 6, 7.5, 7], "texture": "#0"},
				"up": {"uv": [1, 9.5, 0, 7], "texture": "#0"},
				"down": {"uv": [2, 7, 1, 9.5], "texture": "#0"}
			}
		},
		{
			"from": [6, 1, 12],
			"to": [10, 7, 14],
			"rotation": {"angle": 0, "axis": "y", "origin": [2, 0, 0]},
			"faces": {
				"north": {"uv": [0, 0, 2, 3], "texture": "#0"},
				"east": {"uv": [2, 5, 3, 8], "texture": "#0"},
				"south": {"uv": [2, 0, 4, 3], "texture": "#0"},
				"west": {"uv": [3, 5, 4, 8], "texture": "#0"},
				"up": {"uv": [10, 9, 8, 8], "texture": "#0"},
				"down": {"uv": [10.5, 0, 8.5, 1], "texture": "#0"}
			}
		},
		{
			"from": [6, 7, 11],
			"to": [10, 11, 15],
			"rotation": {"angle": 0, "axis": "x", "origin": [8, 9, 13]},
			"faces": {
				"north": {"uv": [0, 3, 2, 5], "texture": "#0"},
				"east": {"uv": [2, 3, 4, 5], "texture": "#0"},
				"south": {"uv": [4, 0, 6, 2], "texture": "#0"},
				"west": {"uv": [4, 2, 6, 4], "texture": "#0"},
				"up": {"uv": [6, 6, 4, 4], "texture": "#0"},
				"down": {"uv": [2, 5, 0, 7], "texture": "#0"}
			}
		},
		{
			"from": [3.81075, 2.03492, 12.1],
			"to": [5.81075, 7.03492, 14.1],
			"rotation": {"angle": -22.5, "axis": "z", "origin": [4.81075, 5.03492, 13.1]},
			"faces": {
				"north": {"uv": [7, 2, 8, 4.5], "texture": "#0"},
				"east": {"uv": [5, 7, 6, 9.5], "texture": "#0"},
				"south": {"uv": [6, 7, 7, 9.5], "texture": "#0"},
				"west": {"uv": [7, 7, 8, 9.5], "texture": "#0"},
				"up": {"uv": [10, 4, 9, 3], "texture": "#0"},
				"down": {"uv": [10, 5.5, 9, 6.5], "texture": "#0"}
			}
		},
		{
			"from": [9.81075, 2.03492, 12.1],
			"to": [11.81075, 7.03492, 14.1],
			"rotation": {"angle": 22.5, "axis": "z", "origin": [10.81075, 5.03492, 13.1]},
			"faces": {
				"north": {"uv": [2, 8, 3, 10.5], "texture": "#0"},
				"east": {"uv": [8, 2, 9, 4.5], "texture": "#0"},
				"south": {"uv": [3, 8, 4, 10.5], "texture": "#0"},
				"west": {"uv": [8, 5.5, 9, 8], "texture": "#0"},
				"up": {"uv": [10, 7.5, 9, 6.5], "texture": "#0"},
				"down": {"uv": [9, 9, 8, 10], "texture": "#0"}
			}
		}
	],
	"display": {
		"thirdperson_righthand": {
			"rotation": [0, 145, 0],
			"translation": [-4.25, 2.75, 2.75]
		},
		"firstperson_righthand": {
			"rotation": [0, 132, 0],
			"translation": [0, 5.5, 1]
		},
		"ground": {
			"translation": [0, 4.25, -4.75]
		},
		"gui": {
			"rotation": [15, -159, 0],
			"translation": [1.25, 1.25, 0]
		}
	}
}