{
	"credit": "Made with Blockbench",
	"textures": {
		"0": "blocks:cpu_texture",
		"particle": "blocks:cpu_texture"
	},
	"elements": [
		{
			"from": [6, 0, 6],
			"to": [10, 0.5, 10],
			"rotation": {"angle": 0, "axis": "y", "origin": [7, 0, 7]},
			"faces": {
				"north": {"uv": [5, 8, 9, 8.5], "texture": "#0"},
				"east": {"uv": [9, 0, 13, 0.5], "texture": "#0"},
				"south": {"uv": [9, 1, 13, 1.5], "texture": "#0"},
				"west": {"uv": [9, 2, 13, 2.5], "texture": "#0"},
				"up": {"uv": [9, 4, 5, 0], "texture": "#0"},
				"down": {"uv": [9, 4, 5, 8], "texture": "#0"}
			}
		},
		{
			"from": [5.5, 0, 5.5],
			"to": [10.5, 0, 10.5],
			"rotation": {"angle": 0, "axis": "y", "origin": [8, 0, 8]},
			"faces": {
				"north": {"uv": [0, 0, 5, 0], "texture": "#0"},
				"east": {"uv": [0, 0, 5, 0], "texture": "#0"},
				"south": {"uv": [0, 0, 5, 0], "texture": "#0"},
				"west": {"uv": [0, 0, 5, 0], "texture": "#0"},
				"up": {"uv": [5, 5, 0, 0], "texture": "#0"},
				"down": {"uv": [5, 5, 0, 10], "texture": "#0"}
			}
		}
	],
	"display": {
		"thirdperson_righthand": {
			"rotation": [0, 0, 98],
			"translation": [-4.5, 0.25, 0],
			"scale": [0.5, 0.5, 0.5]
		},
		"firstperson_righthand": {
			"rotation": [78, 179, -48],
			"translation": [-6, 4.25, 7.25]
		},
		"ground": {
			"rotation": [-90, 0, 0],
			"translation": [0, -1.25, -5.75],
			"scale": [0.75, 0.75, 0.75]
		},
		"gui": {
			"rotation": [58, 146, -20],
			"translation": [-4.5, 10.25, 0],
			"scale": [2, 2, 2]
		}
	}
}