{
	"credit": "By NZ in Blockbench",
	"textures": {
		"0": "slasher:blocks/cutter"
	},
	"elements": [
		{
			"from": [6.6, 0, 10.8],
			"to": [7.6, 1, 15],
			"rotation": {"angle": 0, "axis": "y", "origin": [1.6, 0, -1]},
			"faces": {
				"north": {"uv": [1, 5, 2, 6], "texture": "#0"},
				"east": {"uv": [1, 5, 2, 9.2], "rotation": 90, "texture": "#0"},
				"south": {"uv": [1, 5, 2, 6], "texture": "#0"},
				"west": {"uv": [1, 5, 2, 9.2], "rotation": 270, "texture": "#0"},
				"up": {"uv": [1, 5, 2, 9.2], "texture": "#0"},
				"down": {"uv": [1, 5, 2, 9.2], "rotation": 180, "texture": "#0"}
			}
		},
		{
			"from": [7.3, 0, 8.4],
			"to": [8.3, 1, 9.4],
			"rotation": {"angle": 0, "axis": "y", "origin": [2.3, 0, -5.6]},
			"faces": {
				"north": {"uv": [4, 1, 5, 2], "texture": "#0"},
				"east": {"uv": [4, 1, 5, 2], "texture": "#0"},
				"south": {"uv": [4, 1, 5, 2], "texture": "#0"},
				"west": {"uv": [4, 1, 5, 2], "texture": "#0"},
				"up": {"uv": [4, 1, 5, 2], "texture": "#0"},
				"down": {"uv": [4, 1, 5, 2], "texture": "#0"}
			}
		},
		{
			"from": [7.3, 0, 6.5],
			"to": [8.3, 1, 7.5],
			"rotation": {"angle": 0, "axis": "y", "origin": [2.3, 0, -8.5]},
			"faces": {
				"north": {"uv": [4, 3, 5, 4], "texture": "#0"},
				"east": {"uv": [4, 3, 5, 4], "texture": "#0"},
				"south": {"uv": [4, 3, 5, 4], "texture": "#0"},
				"west": {"uv": [4, 3, 5, 4], "texture": "#0"},
				"up": {"uv": [4, 3, 5, 4], "texture": "#0"},
				"down": {"uv": [4, 3, 5, 4], "texture": "#0"}
			}
		},
		{
			"from": [9.1, 0, 8.4],
			"to": [10.1, 1, 9.4],
			"rotation": {"angle": 0, "axis": "y", "origin": [4.1, 0, -5.6]},
			"faces": {
				"north": {"uv": [4, 3, 5, 4], "texture": "#0"},
				"east": {"uv": [4, 3, 5, 4], "texture": "#0"},
				"south": {"uv": [4, 3, 5, 4], "texture": "#0"},
				"west": {"uv": [4, 3, 5, 4], "texture": "#0"},
				"up": {"uv": [4, 3, 5, 4], "texture": "#0"},
				"down": {"uv": [4, 3, 5, 4], "texture": "#0"}
			}
		},
		{
			"from": [9.1, 0, 6.5],
			"to": [10.1, 1, 7.5],
			"rotation": {"angle": 0, "axis": "y", "origin": [4.1, 0, -8.5]},
			"faces": {
				"north": {"uv": [4, 1, 5, 2], "texture": "#0"},
				"east": {"uv": [4, 1, 5, 2], "texture": "#0"},
				"south": {"uv": [4, 1, 5, 2], "texture": "#0"},
				"west": {"uv": [4, 1, 5, 2], "texture": "#0"},
				"up": {"uv": [4, 1, 5, 2], "texture": "#0"},
				"down": {"uv": [4, 1, 5, 2], "texture": "#0"}
			}
		},
		{
			"from": [9, 0.1, 5.5],
			"to": [10, 0.9, 6.5],
			"rotation": {"angle": 0, "axis": "y", "origin": [4, 0, -9.5]},
			"faces": {
				"north": {"uv": [1, 1, 2, 2], "texture": "#0"},
				"east": {"uv": [1, 1, 2, 2], "texture": "#0"},
				"south": {"uv": [1, 1, 2, 2], "texture": "#0"},
				"west": {"uv": [1, 1, 2, 2], "texture": "#0"},
				"up": {"uv": [1, 1, 2, 2], "texture": "#0"},
				"down": {"uv": [1, 1, 2, 2], "texture": "#0"}
			}
		},
		{
			"from": [7.7, 0.25, 4.9],
			"to": [9.7, 0.75, 5.4],
			"rotation": {"angle": 0, "axis": "y", "origin": [3.7, 0.15, -10.1]},
			"faces": {
				"north": {"uv": [1, 6, 1.5, 8], "rotation": 90, "texture": "#0"},
				"east": {"uv": [1, 6, 1.5, 6.5], "rotation": 90, "texture": "#0"},
				"south": {"uv": [1, 6, 1.5, 8], "rotation": 90, "texture": "#0"},
				"west": {"uv": [1, 6, 1.5, 6.5], "rotation": 90, "texture": "#0"},
				"up": {"uv": [1, 6, 1.5, 8], "rotation": 90, "texture": "#0"},
				"down": {"uv": [1, 6, 1.5, 8], "rotation": 90, "texture": "#0"}
			}
		},
		{
			"from": [7.4, 0.1, 5.5],
			"to": [8.4, 0.9, 6.5],
			"rotation": {"angle": 0, "axis": "y", "origin": [7.9, 0.5, 4]},
			"faces": {
				"north": {"uv": [1, 1, 2, 2], "texture": "#0"},
				"east": {"uv": [1, 1, 2, 2], "texture": "#0"},
				"south": {"uv": [1, 1, 2, 2], "texture": "#0"},
				"west": {"uv": [1, 1, 2, 2], "texture": "#0"},
				"up": {"uv": [1, 1, 2, 2], "texture": "#0"},
				"down": {"uv": [1, 1, 2, 2], "texture": "#0"}
			}
		},
		{
			"from": [9, 0.1, 2.5],
			"to": [10, 0.9, 3.5],
			"rotation": {"angle": 0, "axis": "y", "origin": [4, 0, -12.5]},
			"faces": {
				"north": {"uv": [1, 1, 2, 1.8], "texture": "#0"},
				"east": {"uv": [1, 1, 2, 1.8], "texture": "#0"},
				"south": {"uv": [1, 1, 2, 1.8], "texture": "#0"},
				"west": {"uv": [1, 1, 2, 1.8], "texture": "#0"},
				"up": {"uv": [1, 1, 2, 1.8], "texture": "#0"},
				"down": {"uv": [1, 1, 2, 1.8], "texture": "#0"}
			}
		},
		{
			"from": [7.4, 0.1, 2.5],
			"to": [8.4, 0.9, 3.5],
			"rotation": {"angle": 0, "axis": "y", "origin": [7.9, 0.5, 1]},
			"faces": {
				"north": {"uv": [1, 1, 1.8, 2], "rotation": 90, "texture": "#0"},
				"east": {"uv": [1, 1, 1.8, 2], "rotation": 90, "texture": "#0"},
				"south": {"uv": [1, 1, 1.8, 2], "rotation": 90, "texture": "#0"},
				"west": {"uv": [1, 1, 1.8, 2], "rotation": 90, "texture": "#0"},
				"up": {"uv": [1, 1, 1.8, 2], "rotation": 90, "texture": "#0"},
				"down": {"uv": [1, 1, 1.8, 2], "rotation": 90, "texture": "#0"}
			}
		},
		{
			"from": [7.2, 0.1, 3.5],
			"to": [8.2, 0.9, 5.5],
			"rotation": {"angle": 0, "axis": "y", "origin": [7.7, 0.5, 3]},
			"faces": {
				"north": {"uv": [1, 3, 2, 3.8], "texture": "#0"},
				"east": {"uv": [1, 2, 1.8, 4], "rotation": 270, "texture": "#0"},
				"south": {"uv": [1, 1, 2, 2], "texture": "#0"},
				"west": {"uv": [1, 2, 1.8, 4], "rotation": 90, "texture": "#0"},
				"up": {"uv": [1, 2, 2, 4], "rotation": 180, "texture": "#0"},
				"down": {"uv": [1, 2, 2, 4], "texture": "#0"}
			}
		},
		{
			"from": [9.2, 0.1, 3.5],
			"to": [10.2, 0.9, 5.5],
			"rotation": {"angle": 0, "axis": "y", "origin": [9.7, 0.5, 3]},
			"faces": {
				"north": {"uv": [1, 3, 2, 3.8], "texture": "#0"},
				"east": {"uv": [1, 2, 1.8, 4], "rotation": 270, "texture": "#0"},
				"south": {"uv": [1, 2, 2, 2.8], "texture": "#0"},
				"west": {"uv": [1, 2, 1.8, 4], "rotation": 90, "texture": "#0"},
				"up": {"uv": [1, 2, 2, 4], "rotation": 180, "texture": "#0"},
				"down": {"uv": [1, 2, 2, 4], "texture": "#0"}
			}
		},
		{
			"from": [9.8, 0, 10.8],
			"to": [10.8, 1, 15],
			"rotation": {"angle": 0, "axis": "y", "origin": [0.8, 0, -1]},
			"faces": {
				"north": {"uv": [1, 5, 2, 6], "texture": "#0"},
				"east": {"uv": [1, 5, 2, 9.2], "rotation": 90, "texture": "#0"},
				"south": {"uv": [1, 5, 2, 6], "texture": "#0"},
				"west": {"uv": [1, 5, 2, 9.2], "rotation": 270, "texture": "#0"},
				"up": {"uv": [1, 5, 2, 9.2], "texture": "#0"},
				"down": {"uv": [1, 5, 2, 9.2], "rotation": 180, "texture": "#0"}
			}
		},
		{
			"from": [9.8, 0.1, 9],
			"to": [10.8, 0.9, 11],
			"rotation": {"angle": 22.5, "axis": "y", "origin": [10.3, 0.5, 11]},
			"faces": {
				"north": {"uv": [4, 5, 5, 5.8], "texture": "#0"},
				"east": {"uv": [4, 5, 4.8, 7], "rotation": 270, "texture": "#0"},
				"south": {"uv": [4, 5, 5, 5.8], "texture": "#0"},
				"west": {"uv": [4, 5, 4.8, 7], "rotation": 270, "texture": "#0"},
				"up": {"uv": [4, 5, 5, 7], "texture": "#0"},
				"down": {"uv": [4, 5, 5, 7], "rotation": 180, "texture": "#0"}
			}
		},
		{
			"from": [7.2, 0.1, 7.5],
			"to": [10.2, 0.9, 8.5],
			"rotation": {"angle": 0, "axis": "y", "origin": [10.7, 0.3, 8.5]},
			"faces": {
				"north": {"uv": [6, 2, 9, 2.8], "texture": "#0"},
				"east": {"uv": [4, 3, 5, 3.8], "texture": "#0"},
				"south": {"uv": [6, 2, 9, 2.8], "texture": "#0"},
				"west": {"uv": [4, 3, 5, 3.8], "texture": "#0"},
				"up": {"uv": [6, 1, 9, 2], "texture": "#0"},
				"down": {"uv": [6, 1, 9, 2], "texture": "#0"}
			}
		},
		{
			"from": [6.6, 0.1, 9],
			"to": [7.6, 0.9, 11],
			"rotation": {"angle": -22.5, "axis": "y", "origin": [7.1, 0.5, 11]},
			"faces": {
				"north": {"uv": [4, 5, 5, 5.8], "texture": "#0"},
				"east": {"uv": [4, 5, 4.8, 7], "rotation": 90, "texture": "#0"},
				"south": {"uv": [4, 5, 5, 5.8], "texture": "#0"},
				"west": {"uv": [4, 5, 4.8, 7], "rotation": 270, "texture": "#0"},
				"up": {"uv": [4, 5, 5, 7], "texture": "#0"},
				"down": {"uv": [4, 5, 5, 7], "rotation": 180, "texture": "#0"}
			}
		}
	],
	"display": {
		"thirdperson_righthand": {
			"rotation": [93, 0, 90],
			"translation": [-8.5, 4, -1.75]
		},
		"thirdperson_lefthand": {
			"rotation": [91, 0, -90],
			"translation": [6.5, 3.75, -1.5]
		},
		"firstperson_righthand": {
			"rotation": [48, 0, 67],
			"translation": [-1.5, 4, -4.75],
			"scale": [1.45, 1.45, 1.45]
		},
		"ground": {
			"rotation": [90, 0, 0],
			"translation": [0, 3, 7.25]
		},
		"gui": {
			"rotation": [56, 42, 0],
			"translation": [-1.75, 6.5, 0],
			"scale": [1.5, 1.5, 1.5]
		}
	}
}