{
	"credit": "Made with Blockbench",
	"texture_size": [32, 32],
	"textures": {
		"0": "blocks:drill",
		"particle": "blocks:drill"
	},
	"elements": [
		{
			"from": [6, 8, -3],
			"to": [7, 9, 3],
			"rotation": {"angle": 0, "axis": "y", "origin": [-1, -1, 1]},
			"faces": {
				"north": {"uv": [7, 10.5, 7.5, 11], "texture": "#0"},
				"east": {"uv": [7.5, 5, 10.5, 5.5], "texture": "#0"},
				"south": {"uv": [8.5, 10.5, 9, 11], "texture": "#0"},
				"west": {"uv": [7.5, 5.5, 10.5, 6], "texture": "#0"},
				"up": {"uv": [1.5, 10.5, 1, 7.5], "texture": "#0"},
				"down": {"uv": [7.5, 7.5, 7, 10.5], "texture": "#0"}
			}
		},
		{
			"from": [5.5, 7.6, -2.99],
			"to": [7.5, 9.1, -2.99],
			"rotation": {"angle": 0, "axis": "y", "origin": [-1, -1, 1]},
			"faces": {
				"north": {"uv": [5.5, 8, 6.5, 9], "texture": "#0"},
				"east": {"uv": [0, 0, 0, 1], "texture": "#0"},
				"south": {"uv": [8.5, 1.5, 9.5, 2.5], "texture": "#0"},
				"west": {"uv": [0, 0, 0, 1], "texture": "#0"},
				"up": {"uv": [1, 0, 0, 0], "texture": "#0"},
				"down": {"uv": [1, 0, 0, 0], "texture": "#0"}
			}
		},
		{
			"from": [5, 3.99, 2.99],
			"to": [8, 9, 10.01],
			"rotation": {"angle": 0, "axis": "y", "origin": [-1, -1, 1]},
			"faces": {
				"north": {"uv": [0, 5, 1.5, 7.5], "texture": "#0"},
				"east": {"uv": [0, 0, 3.5, 2.5], "texture": "#0"},
				"south": {"uv": [5, 0, 6.5, 2.5], "texture": "#0"},
				"west": {"uv": [0, 2.5, 3.5, 5], "texture": "#0"},
				"up": {"uv": [5, 3.5, 3.5, 0], "texture": "#0"},
				"down": {"uv": [5, 3.5, 3.5, 7], "texture": "#0"}
			}
		},
		{
			"from": [6, 6, -2.75],
			"to": [7, 7, 2],
			"rotation": {"angle": 0, "axis": "y", "origin": [-1, -1, 1]},
			"faces": {
				"north": {"uv": [9, 10.5, 9.5, 11], "texture": "#0"},
				"east": {"uv": [7.5, 6, 10, 6.5], "texture": "#0"},
				"south": {"uv": [10.5, 9.5, 11, 10], "texture": "#0"},
				"west": {"uv": [7.5, 7.5, 10, 8], "texture": "#0"},
				"up": {"uv": [4, 10.5, 3.5, 8], "texture": "#0"},
				"down": {"uv": [4.5, 8, 4, 10.5], "texture": "#0"}
			}
		},
		{
			"from": [5, 4, 2],
			"to": [8, 7.5, 3],
			"rotation": {"angle": 0, "axis": "y", "origin": [-1, -1, 1]},
			"faces": {
				"north": {"uv": [1.5, 5, 3, 7], "texture": "#0"},
				"east": {"uv": [6.5, 8, 7, 10], "texture": "#0"},
				"south": {"uv": [5, 2.5, 6.5, 4.5], "texture": "#0"},
				"west": {"uv": [3, 8.5, 3.5, 10.5], "texture": "#0"},
				"up": {"uv": [11.5, 4.5, 10, 4], "texture": "#0"},
				"down": {"uv": [11.5, 6, 10, 6.5], "texture": "#0"}
			}
		},
		{
			"from": [5.5, 7.8761, 0.59556],
			"to": [7.5, 8.4761, 0.59556],
			"rotation": {"angle": -22.5, "axis": "x", "origin": [-1, -1, 1]},
			"faces": {
				"north": {"uv": [2, 10.5, 3, 11], "texture": "#0"},
				"east": {"uv": [0, 0, 0, 0.5], "texture": "#0"},
				"south": {"uv": [3, 10.5, 4, 11], "texture": "#0"},
				"west": {"uv": [0, 0, 0, 0.5], "texture": "#0"},
				"up": {"uv": [1, 0, 0, 0], "texture": "#0"},
				"down": {"uv": [1, 0, 0, 0], "texture": "#0"}
			}
		},
		{
			"from": [5.5, 5.55, -2.77],
			"to": [7.5, 7.05, -2.77],
			"rotation": {"angle": 0, "axis": "y", "origin": [-1, -1, 1]},
			"faces": {
				"north": {"uv": [8.5, 2.5, 9.5, 3.5], "texture": "#0"},
				"east": {"uv": [0, 0, 0, 1], "texture": "#0"},
				"south": {"uv": [7.5, 8.5, 8.5, 9.5], "texture": "#0"},
				"west": {"uv": [0, 0, 0, 1], "texture": "#0"},
				"up": {"uv": [1, 0, 0, 0], "texture": "#0"},
				"down": {"uv": [1, 0, 0, 0], "texture": "#0"}
			}
		},
		{
			"from": [6, 9, 3],
			"to": [7, 9.5, 10],
			"rotation": {"angle": 0, "axis": "y", "origin": [-1, -1, 1]},
			"faces": {
				"north": {"uv": [10.5, 10, 11, 10.5], "texture": "#0"},
				"east": {"uv": [6.5, 4, 10, 4.5], "texture": "#0"},
				"south": {"uv": [10.5, 10.5, 11, 11], "texture": "#0"},
				"west": {"uv": [5, 6.5, 8.5, 7], "texture": "#0"},
				"up": {"uv": [3.5, 8.5, 3, 5], "texture": "#0"},
				"down": {"uv": [2, 7, 1.5, 10.5], "texture": "#0"}
			}
		},
		{
			"from": [2.37286, 11.2622, 3],
			"to": [3.47286, 11.7622, 10],
			"rotation": {"angle": -22.5, "axis": "z", "origin": [-1, -1, 1]},
			"faces": {
				"north": {"uv": [0, 11, 0.5, 11.5], "texture": "#0"},
				"east": {"uv": [3.5, 7, 7, 7.5], "texture": "#0"},
				"south": {"uv": [11, 0, 11.5, 0.5], "texture": "#0"},
				"west": {"uv": [7, 7, 10.5, 7.5], "texture": "#0"},
				"up": {"uv": [2.5, 10.5, 2, 7], "texture": "#0"},
				"down": {"uv": [3, 7, 2.5, 10.5], "texture": "#0"}
			}
		},
		{
			"from": [8.38533, 5.52195, 3],
			"to": [9.48533, 6.02195, 10],
			"rotation": {"angle": 22.5, "axis": "z", "origin": [-1, -1, 1]},
			"faces": {
				"north": {"uv": [0.5, 11, 1, 11.5], "texture": "#0"},
				"east": {"uv": [3.5, 7.5, 7, 8], "texture": "#0"},
				"south": {"uv": [11, 0.5, 11.5, 1], "texture": "#0"},
				"west": {"uv": [7.5, 4.5, 11, 5], "texture": "#0"},
				"up": {"uv": [0.5, 11, 0, 7.5], "texture": "#0"},
				"down": {"uv": [1, 7.5, 0.5, 11], "texture": "#0"}
			}
		},
		{
			"from": [6, 8.25, 10],
			"to": [7, 9.25, 13],
			"rotation": {"angle": 0, "axis": "y", "origin": [-1, -1, 1]},
			"faces": {
				"north": {"uv": [11, 1, 11.5, 1.5], "texture": "#0"},
				"east": {"uv": [10, 7.5, 11.5, 8], "texture": "#0"},
				"south": {"uv": [11, 1.5, 11.5, 2], "texture": "#0"},
				"west": {"uv": [10, 8, 11.5, 8.5], "texture": "#0"},
				"up": {"uv": [2, 12, 1.5, 10.5], "texture": "#0"},
				"down": {"uv": [11, 1.5, 10.5, 3], "texture": "#0"}
			}
		},
		{
			"from": [6.01, -0.12244, 15.00906],
			"to": [6.99, 3.87756, 16.00906],
			"rotation": {"angle": -22.5, "axis": "x", "origin": [-1, -1, 1]},
			"faces": {
				"north": {"uv": [8.5, 8.5, 9, 10.5], "texture": "#0"},
				"east": {"uv": [5.5, 9, 6, 11], "texture": "#0"},
				"south": {"uv": [6, 9, 6.5, 11], "texture": "#0"},
				"west": {"uv": [9, 8.5, 9.5, 10.5], "texture": "#0"},
				"up": {"uv": [2.5, 11.5, 2, 11], "texture": "#0"},
				"down": {"uv": [11.5, 2, 11, 2.5], "texture": "#0"}
			}
		},
		{
			"from": [5.99, 4.25, 10],
			"to": [7.01, 6.25, 15],
			"rotation": {"angle": 0, "axis": "y", "origin": [-1, -1, 1]},
			"faces": {
				"north": {"uv": [10.5, 3, 11, 4], "texture": "#0"},
				"east": {"uv": [5, 4.5, 7.5, 5.5], "texture": "#0"},
				"south": {"uv": [4, 10.5, 4.5, 11.5], "texture": "#0"},
				"west": {"uv": [5, 5.5, 7.5, 6.5], "texture": "#0"},
				"up": {"uv": [5, 10.5, 4.5, 8], "texture": "#0"},
				"down": {"uv": [5.5, 8, 5, 10.5], "texture": "#0"}
			}
		},
		{
			"from": [0, 7.55097, -3.60122],
			"to": [5, 8.55097, -2.60122],
			"rotation": {"angle": 45, "axis": "x", "origin": [-1, -1, 1]},
			"faces": {
				"north": {"uv": [7.5, 8, 10, 8.5], "texture": "#0"},
				"east": {"uv": [2.5, 11, 3, 11.5], "texture": "#0"},
				"south": {"uv": [8.5, 0, 11, 0.5], "texture": "#0"},
				"west": {"uv": [11, 2.5, 11.5, 3], "texture": "#0"},
				"up": {"uv": [11, 1, 8.5, 0.5], "texture": "#0"},
				"down": {"uv": [11, 1, 8.5, 1.5], "texture": "#0"}
			}
		},
		{
			"from": [-1.91421, 7.48528, 3],
			"to": [-0.91421, 8.48528, 7],
			"rotation": {"angle": -45, "axis": "z", "origin": [-1, -1, 1]},
			"faces": {
				"north": {"uv": [3, 11, 3.5, 11.5], "texture": "#0"},
				"east": {"uv": [8.5, 3.5, 10.5, 4], "texture": "#0"},
				"south": {"uv": [11, 3, 11.5, 3.5], "texture": "#0"},
				"west": {"uv": [8.5, 6.5, 10.5, 7], "texture": "#0"},
				"up": {"uv": [10, 3.5, 9.5, 1.5], "texture": "#0"},
				"down": {"uv": [8, 9.5, 7.5, 11.5], "texture": "#0"}
			}
		},
		{
			"from": [9.52082, -3.12132, 3],
			"to": [10.52082, -2.12132, 7],
			"rotation": {"angle": 45, "axis": "z", "origin": [-1, -1, 1]},
			"faces": {
				"north": {"uv": [3.5, 11, 4, 11.5], "texture": "#0"},
				"east": {"uv": [9.5, 8.5, 11.5, 9], "texture": "#0"},
				"south": {"uv": [11, 3.5, 11.5, 4], "texture": "#0"},
				"west": {"uv": [9.5, 9, 11.5, 9.5], "texture": "#0"},
				"up": {"uv": [8.5, 11.5, 8, 9.5], "texture": "#0"},
				"down": {"uv": [10, 9.5, 9.5, 11.5], "texture": "#0"}
			}
		},
		{
			"from": [4.35, 4, 2.99],
			"to": [5.35, 5.65, 7.01],
			"rotation": {"angle": 0, "axis": "y", "origin": [-1, -1, 1]},
			"faces": {
				"north": {"uv": [4.5, 10.5, 5, 11.5], "texture": "#0"},
				"east": {"uv": [6.5, 0, 8.5, 1], "texture": "#0"},
				"south": {"uv": [5, 10.5, 5.5, 11.5], "texture": "#0"},
				"west": {"uv": [6.5, 1, 8.5, 2], "texture": "#0"},
				"up": {"uv": [10.5, 3.5, 10, 1.5], "texture": "#0"},
				"down": {"uv": [7, 10, 6.5, 12], "texture": "#0"}
			}
		},
		{
			"from": [7.65, 4, 2.99],
			"to": [8.65, 5.65, 7.01],
			"rotation": {"angle": 0, "axis": "y", "origin": [-1, -1, 1]},
			"faces": {
				"north": {"uv": [10.5, 5, 11, 6], "texture": "#0"},
				"east": {"uv": [6.5, 2, 8.5, 3], "texture": "#0"},
				"south": {"uv": [10.5, 6.5, 11, 7.5], "texture": "#0"},
				"west": {"uv": [6.5, 3, 8.5, 4], "texture": "#0"},
				"up": {"uv": [10.5, 11.5, 10, 9.5], "texture": "#0"},
				"down": {"uv": [1.5, 10.5, 1, 12.5], "texture": "#0"}
			}
		},
		{
			"from": [3, 7.55, 3.75],
			"to": [3.6, 9.05, 5.25],
			"rotation": {"angle": 0, "axis": "y", "origin": [-1, -1, 1]},
			"faces": {
				"north": {"uv": [11, 4.5, 11.5, 5], "texture": "#0"},
				"east": {"uv": [11, 5, 11.5, 5.5], "texture": "#0"},
				"south": {"uv": [5.5, 11, 6, 11.5], "texture": "#0"},
				"west": {"uv": [11, 5.5, 11.5, 6], "texture": "#0"},
				"up": {"uv": [6.5, 11.5, 6, 11], "texture": "#0"},
				"down": {"uv": [11.5, 6.5, 11, 7], "texture": "#0"}
			}
		}
	],
	"display": {
		"thirdperson_righthand": {
			"rotation": [15, 0, 0],
			"translation": [0, -1, -3.5]
		},
		"firstperson_righthand": {
			"rotation": [0, 60, 7],
			"translation": [-6, 0, 0]
		},
		"ground": {
			"rotation": [90, 0, 0],
			"translation": [0, 2, 0]
		},
		"gui": {
			"rotation": [16, 43, -7],
			"translation": [2.75, -0.75, 0]
		}
	}
}