{
	"credit": "Made with Blockbench",
	"textures": {
		"0": "blocks:floppy",
		"particle": "blocks:floppy"
	},
	"elements": [
		{
			"from": [6, 0, 8],
			"to": [10, 3, 8.5],
			"rotation": {"angle": 0, "axis": "y", "origin": [7, 0, 7]},
			"faces": {
				"north": {"uv": [0, 0, 4, 3], "texture": "#0"},
				"east": {"uv": [4, 4, 4.5, 7], "texture": "#0"},
				"south": {"uv": [0, 3, 4, 6], "texture": "#0"},
				"west": {"uv": [5, 4, 5.5, 7], "texture": "#0"},
				"up": {"uv": [8, 2.5, 4, 2], "texture": "#0"},
				"down": {"uv": [8, 3, 4, 3.5], "texture": "#0"}
			}
		},
		{
			"from": [7, 3, 8],
			"to": [10, 4, 8.5],
			"rotation": {"angle": 0, "axis": "y", "origin": [7, 3, 7]},
			"faces": {
				"north": {"uv": [4, 0, 7, 1], "texture": "#0"},
				"east": {"uv": [1, 7, 1.5, 8], "texture": "#0"},
				"south": {"uv": [4, 1, 7, 2], "texture": "#0"},
				"west": {"uv": [2, 7, 2.5, 8], "texture": "#0"},
				"up": {"uv": [3, 6.5, 0, 6], "texture": "#0"},
				"down": {"uv": [9, 4, 6, 4.5], "texture": "#0"}
			}
		},
		{
			"from": [6, 3, 8.005],
			"to": [7, 4.4, 8.495],
			"rotation": {"angle": -45, "axis": "z", "origin": [6, 3, 8]},
			"faces": {
				"north": {"uv": [3, 6, 4, 7.5], "texture": "#0"},
				"east": {"uv": [0, 7, 0.5, 8.5], "texture": "#0"},
				"south": {"uv": [6, 5, 7, 6.5], "texture": "#0"},
				"west": {"uv": [7, 0, 7.5, 1.5], "texture": "#0"},
				"up": {"uv": [5, 7.5, 4, 7], "texture": "#0"},
				"down": {"uv": [6, 7, 5, 7.5], "texture": "#0"}
			}
		}
	],
	"display": {
		"thirdperson_righthand": {
			"rotation": [0, 135, 0],
			"translation": [-0.75, 7.25, 0.5]
		},
		"firstperson_righthand": {
			"rotation": [-20, 100, 0],
			"translation": [-2.25, 9.75, 2]
		},
		"ground": {
			"translation": [0, 4.25, 0]
		},
		"gui": {
			"rotation": [-8, -163, 0],
			"translation": [0, 18, 0],
			"scale": [3, 3, 3]
		}
	}
}