{
	"credit": "By NZ in Blockbench",
	"textures": {
		"0": "blocks:gas"
	},
	"elements": [
		{
			"from": [6, 0, 4],
			"to": [9, 8, 11],
			"faces": {
				"north": {"uv": [0, 4, 3, 12], "texture": "#0"},
				"east": {"uv": [3, 4, 10, 12], "texture": "#0"},
				"south": {"uv": [0, 4, 3, 12], "texture": "#0"},
				"west": {"uv": [10, 4, 3, 12], "texture": "#0"},
				"up": {"uv": [10, 4, 13, 11], "texture": "#0"},
				"down": {"uv": [10, 4, 13, 11], "texture": "#0"}
			}
		},
		{
			"from": [6.5, 8, 4],
			"to": [8.5, 9, 5],
			"rotation": {"angle": 0, "axis": "y", "origin": [0.5, 0, 0]},
			"faces": {
				"north": {"uv": [1, 3, 3, 4], "texture": "#0"},
				"east": {"uv": [1, 3, 2, 4], "texture": "#0"},
				"south": {"uv": [1, 3, 3, 4], "texture": "#0"},
				"west": {"uv": [1, 3, 2, 4], "texture": "#0"},
				"up": {"uv": [1, 3, 3, 4], "texture": "#0"},
				"down": {"uv": [1, 3, 3, 4], "texture": "#0"}
			}
		},
		{
			"from": [6.525, 6.76739, 8.96173],
			"to": [8.475, 9.96739, 9.96173],
			"rotation": {"angle": -45, "axis": "x", "origin": [8.5, 8.86739, 9.46173]},
			"faces": {
				"north": {"uv": [2, 3, 4, 4], "texture": "#0"},
				"east": {"uv": [4, 2, 7.2, 3], "rotation": 90, "texture": "#0"},
				"south": {"uv": [3, 1, 6.2, 2.95], "rotation": 90, "texture": "#0"},
				"west": {"uv": [4, 2, 7.2, 3], "rotation": 90, "texture": "#0"},
				"up": {"uv": [2, 3, 4, 4], "texture": "#0"},
				"down": {"uv": [1, 3, 2.95, 4], "texture": "#0"}
			}
		},
		{
			"from": [6.5, 9, 4],
			"to": [8.5, 10, 9],
			"rotation": {"angle": 0, "axis": "y", "origin": [0.5, 0, 0]},
			"faces": {
				"north": {"uv": [3, 3, 5, 4], "texture": "#0"},
				"east": {"uv": [5, 2, 10, 3], "texture": "#0"},
				"south": {"uv": [3, 3, 5, 4], "texture": "#0"},
				"west": {"uv": [5, 2, 10, 3], "texture": "#0"},
				"up": {"uv": [3, 1, 8, 3], "rotation": 90, "texture": "#0"},
				"down": {"uv": [3, 1, 8, 3], "rotation": 90, "texture": "#0"}
			}
		},
		{
			"from": [6.4, 6.9, 10.7],
			"to": [8.6, 9.1, 11.7],
			"rotation": {"angle": -22.5, "axis": "x", "origin": [7.5, 8, 11.2]},
			"faces": {
				"north": {"uv": [10, 1, 12, 3], "texture": "#0"},
				"east": {"uv": [10, 1, 11, 3], "texture": "#0"},
				"south": {"uv": [10, 1, 12, 3], "texture": "#0"},
				"west": {"uv": [10, 1, 11, 3], "texture": "#0"},
				"up": {"uv": [10, 1, 12, 2], "texture": "#0"},
				"down": {"uv": [10, 1, 12, 2], "texture": "#0"}
			}
		}
	],
	"display": {
		"thirdperson_righthand": {
			"rotation": [65, -180, 0],
			"translation": [-0.75, -0.75, -0.5]
		},
		"thirdperson_lefthand": {
			"rotation": [67, -180, 0],
			"translation": [0.5, 0, -0.5]
		},
		"firstperson_righthand": {
			"rotation": [-8, -157, 0],
			"translation": [3.5, 3.75, -2.75]
		},
		"firstperson_lefthand": {
			"rotation": [-9, -170, 0],
			"translation": [0.5, 3.5, 0]
		},
		"ground": {
			"rotation": [-90, 0, 0],
			"translation": [0, 4.5, -7.5]
		},
		"gui": {
			"rotation": [26, -41, 0],
			"translation": [0.25, 3.25, 0],
			"scale": [1.3, 1.3, 1.3]
		}
	}
}