{
	"credit": "Made with Blockbench",
	"texture_size": [32, 32],
	"textures": {
		"0": "blocks:gpu_texture",
		"particle": "blocks:gpu_texture"
	},
	"elements": [
		{
			"from": [6, 0, 3],
			"to": [10, 2, 13],
			"rotation": {"angle": 0, "axis": "x", "origin": [10, 2, 13]},
			"faces": {
				"north": {"uv": [7, 3, 9, 4], "texture": "#0"},
				"east": {"uv": [2, 5, 7, 6], "texture": "#0"},
				"south": {"uv": [7, 4, 9, 5], "texture": "#0"},
				"west": {"uv": [2, 6, 7, 7], "texture": "#0"},
				"up": {"uv": [2, 10, 0, 5], "texture": "#0"},
				"down": {"uv": [7, 0, 5, 5], "texture": "#0"}
			}
		},
		{
			"from": [5.7, 2.2, 2.8],
			"to": [10.3, 2.2, 12.3],
			"rotation": {"angle": 0, "axis": "y", "origin": [8, 1.6, 5.4]},
			"faces": {
				"north": {"uv": [0, 0, 2.25, 0], "texture": "#0"},
				"east": {"uv": [0, 0, 4.75, 0], "texture": "#0"},
				"south": {"uv": [0, 0, 2.25, 0], "texture": "#0"},
				"west": {"uv": [0, 0, 4.75, 0], "texture": "#0"},
				"up": {"uv": [2.25, 4.75, 0, 0], "texture": "#0"},
				"down": {"uv": [4.75, 0, 2.5, 4.75], "texture": "#0"}
			}
		},
		{
			"from": [5.7, 0.7, 2.8],
			"to": [5.7, 2.2, 12.3],
			"rotation": {"angle": 0, "axis": "y", "origin": [8, 1.6, 5.4]},
			"faces": {
				"north": {"uv": [0, 0, 0, 0.75], "texture": "#0"},
				"east": {"uv": [7, 0, 11.75, 0.75], "texture": "#0"},
				"south": {"uv": [0, 0, 0, 0.75], "texture": "#0"},
				"west": {"uv": [7, 1, 11.75, 1.75], "texture": "#0"},
				"up": {"uv": [0, 4.75, 0, 0], "texture": "#0"},
				"down": {"uv": [0, 0, 0, 4.75], "texture": "#0"}
			}
		},
		{
			"from": [10.3, 0.7, 2.8],
			"to": [10.3, 2.2, 12.3],
			"rotation": {"angle": 0, "axis": "y", "origin": [8, 1.6, 5.4]},
			"faces": {
				"north": {"uv": [0, 0, 0, 0.75], "texture": "#0"},
				"east": {"uv": [2, 7, 6.75, 7.75], "texture": "#0"},
				"south": {"uv": [0, 0, 0, 0.75], "texture": "#0"},
				"west": {"uv": [7, 2, 11.75, 2.75], "texture": "#0"},
				"up": {"uv": [0, 4.75, 0, 0], "texture": "#0"},
				"down": {"uv": [0, 0, 0, 4.75], "texture": "#0"}
			}
		},
		{
			"from": [5.7, 0.7, 2.8],
			"to": [10.3, 2.2, 2.8],
			"rotation": {"angle": 0, "axis": "y", "origin": [8, 1.6, 5.4]},
			"faces": {
				"north": {"uv": [7, 5, 9.25, 5.75], "texture": "#0"},
				"east": {"uv": [0, 0, 0, 0.75], "texture": "#0"},
				"south": {"uv": [7, 6, 9.25, 6.75], "texture": "#0"},
				"west": {"uv": [0, 0, 0, 0.75], "texture": "#0"},
				"up": {"uv": [2.25, 0, 0, 0], "texture": "#0"},
				"down": {"uv": [2.25, 0, 0, 0], "texture": "#0"}
			}
		}
	],
	"display": {
		"thirdperson_righthand": {
			"rotation": [0, 45, 0],
			"translation": [0, 5, 0],
			"scale": [0.75, 0.75, 0.75]
		},
		"firstperson_righthand": {
			"rotation": [0, 45, 0],
			"translation": [0, 7, 0]
		},
		"ground": {
			"rotation": [90, 0, 180],
			"translation": [0, 1, -7.5]
		},
		"gui": {
			"rotation": [23, -39, 0],
			"translation": [-0.25, 8.25, 0],
			"scale": [1.5, 1.5, 1.5]
		}
	}
}