{
	"credit": "Made with Blockbench",
	"texture_size": [64, 64],
	"textures": {
		"0": "blocks:jotaro_cape",
		"particle": "blocks:jotaro_cape"
	},
	"elements": [
		{
			"from": [-0.1, 12, 6],
			"to": [3.9, 24, 10],
			"rotation": {"angle": 0, "axis": "z", "origin": [12.15, 26.2, 6]},
			"faces": {
				"north": {"uv": [1, 1, 2, 4], "texture": "#0"},
				"east": {"uv": [2, 1, 3, 4], "texture": "#0"},
				"south": {"uv": [3, 1, 4, 4], "texture": "#0"},
				"west": {"uv": [0, 1, 1, 4], "texture": "#0"},
				"up": {"uv": [1, 0, 2, 1], "texture": "#0"},
				"down": {"uv": [2, 0, 3, 1], "texture": "#0"}
			}
		},
		{
			"from": [12.1, 12, 6],
			"to": [16.1, 24, 10],
			"rotation": {"angle": 0, "axis": "z", "origin": [10.1, 27.75, 12]},
			"faces": {
				"north": {"uv": [2, 1, 1, 4], "texture": "#0"},
				"east": {"uv": [2, 1, 3, 4], "texture": "#0"},
				"south": {"uv": [4, 1, 3, 4], "texture": "#0"},
				"west": {"uv": [0, 1, 1, 4], "texture": "#0"},
				"up": {"uv": [1, 0, 2, 1], "texture": "#0"},
				"down": {"uv": [2, 0, 3, 1], "texture": "#0"}
			}
		},
		{
			"from": [12, 9, 6],
			"to": [12, 24, 10],
			"rotation": {"angle": 0, "axis": "y", "origin": [12, 9, 6]},
			"faces": {
				"north": {"uv": [1, 5, 3, 8.75], "texture": "#0"},
				"east": {"uv": [0, 5, 1, 8.75], "texture": "#0"},
				"south": {"uv": [4, 5, 6, 8.75], "texture": "#0"},
				"west": {"uv": [3, 5, 4, 8.75], "texture": "#0"},
				"up": {"uv": [1, 4, 3, 5], "texture": "#0"},
				"down": {"uv": [3, 4, 5, 5], "texture": "#0"}
			}
		},
		{
			"from": [4, 9, 6],
			"to": [4, 24, 10],
			"rotation": {"angle": 0, "axis": "y", "origin": [4, 9, 6]},
			"faces": {
				"north": {"uv": [1, 5, 3, 8.75], "texture": "#0"},
				"east": {"uv": [3, 5, 4, 8.75], "texture": "#0"},
				"south": {"uv": [4, 5, 6, 8.75], "texture": "#0"},
				"west": {"uv": [1, 5, 0, 8.75], "texture": "#0"},
				"up": {"uv": [1, 4, 3, 5], "texture": "#0"},
				"down": {"uv": [3, 4, 5, 5], "texture": "#0"}
			}
		},
		{
			"from": [4, 9, 6],
			"to": [12, 24, 6],
			"rotation": {"angle": 0, "axis": "y", "origin": [4, 9, 6]},
			"faces": {
				"north": {"uv": [1, 5, 3, 8.75], "texture": "#0"},
				"east": {"uv": [3, 5, 4, 8.75], "texture": "#0"},
				"south": {"uv": [4, 5, 6, 8.75], "texture": "#0"},
				"west": {"uv": [0, 5, 1, 8.75], "texture": "#0"},
				"up": {"uv": [1, 4, 3, 5], "texture": "#0"},
				"down": {"uv": [3, 4, 5, 5], "texture": "#0"}
			}
		},
		{
			"from": [12, 1.6, 2.05],
			"to": [12, 13.6, 6.05],
			"rotation": {"angle": 22.5, "axis": "x", "origin": [12, 1.6, 2.05]},
			"faces": {
				"north": {"uv": [6, 1, 9, 4], "texture": "#0"},
				"east": {"uv": [5, 1, 6, 4], "texture": "#0"},
				"south": {"uv": [10, 1, 13, 4], "texture": "#0"},
				"west": {"uv": [9, 1, 10, 4], "texture": "#0"},
				"up": {"uv": [6, 0, 9, 1], "texture": "#0"},
				"down": {"uv": [9, 0, 12, 1], "texture": "#0"}
			}
		},
		{
			"from": [4, 1.8, 2.15],
			"to": [12, 12.8, 2.15],
			"rotation": {"angle": 22.5, "axis": "x", "origin": [4, 1.8, 2.15]},
			"faces": {
				"north": {"uv": [8.75, 6.25, 11.5, 9.75], "texture": "#0"},
				"east": {"uv": [9, 1, 10, 4], "texture": "#0"},
				"south": {"uv": [11.5, 6.25, 14.5, 9.75], "texture": "#0"},
				"west": {"uv": [5, 1, 6, 4], "texture": "#0"},
				"up": {"uv": [6, 0, 9, 1], "texture": "#0"},
				"down": {"uv": [9, 0, 12, 1], "texture": "#0"}
			}
		},
		{
			"from": [4, 1.6, 2.05],
			"to": [4, 13.6, 6.05],
			"rotation": {"angle": 22.5, "axis": "x", "origin": [4, 1.6, 2.05]},
			"faces": {
				"north": {"uv": [6, 1, 9, 4], "texture": "#0"},
				"east": {"uv": [10, 1, 9, 4], "texture": "#0"},
				"south": {"uv": [10, 1, 13, 4], "texture": "#0"},
				"west": {"uv": [6, 1, 5, 4], "texture": "#0"},
				"up": {"uv": [6, 0, 9, 1], "texture": "#0"},
				"down": {"uv": [9, 0, 12, 1], "texture": "#0"}
			}
		},
		{
			"from": [4, 24, 6],
			"to": [4, 27, 12],
			"rotation": {"angle": 0, "axis": "y", "origin": [4, 24, 6]},
			"faces": {
				"north": {"uv": [0, 0, 0, 0.75], "texture": "#0"},
				"east": {"uv": [8, 13.5, 9.5, 14.25], "texture": "#0"},
				"south": {"uv": [0, 0, 0, 0.75], "texture": "#0"},
				"west": {"uv": [6.5, 13.5, 8, 14.25], "texture": "#0"},
				"up": {"uv": [0, 0, 0, 1.5], "texture": "#0"},
				"down": {"uv": [0, 0, 0, 1.5], "texture": "#0"}
			}
		},
		{
			"from": [12, 24, 6],
			"to": [12, 27, 12],
			"rotation": {"angle": 0, "axis": "y", "origin": [12, 24, 6]},
			"faces": {
				"north": {"uv": [0, 0, 0, 0.75], "texture": "#0"},
				"east": {"uv": [5, 13.5, 6.5, 14.25], "texture": "#0"},
				"south": {"uv": [0, 0, 0, 0.75], "texture": "#0"},
				"west": {"uv": [9.5, 12.75, 8, 13.5], "texture": "#0"},
				"up": {"uv": [0, 0, 0, 1.5], "texture": "#0"},
				"down": {"uv": [0, 0, 0, 1.5], "texture": "#0"}
			}
		},
		{
			"from": [4, 24, 6],
			"to": [12, 27, 6],
			"rotation": {"angle": 0, "axis": "y", "origin": [4, 24, 6]},
			"faces": {
				"north": {"uv": [5.25, 15.25, 7.25, 16], "texture": "#0"},
				"east": {"uv": [7.75, 14, 7.75, 14.75], "texture": "#0"},
				"south": {"uv": [7.25, 15.25, 9.25, 16], "texture": "#0"},
				"west": {"uv": [0, 0, 0, 0.75], "texture": "#0"},
				"up": {"uv": [0, 0, 2, 0], "texture": "#0"},
				"down": {"uv": [0, 0, 2, 0], "texture": "#0"}
			}
		},
		{
			"from": [4, 10, 10],
			"to": [8, 24, 10],
			"rotation": {"angle": -22.5, "axis": "y", "origin": [4, 10, 10]},
			"faces": {
				"north": {"uv": [11.5, 12.5, 10.5, 16], "texture": "#0"},
				"east": {"uv": [0, 0, 0, 3.5], "texture": "#0"},
				"south": {"uv": [9.5, 12.5, 10.5, 16], "texture": "#0"},
				"west": {"uv": [0, 0, 0, 3.5], "texture": "#0"},
				"up": {"uv": [0, 0, 0, 1], "rotation": 270, "texture": "#0"},
				"down": {"uv": [0, 0, 0, 1], "rotation": 90, "texture": "#0"}
			}
		},
		{
			"from": [8, 10, 10],
			"to": [12, 24, 10],
			"rotation": {"angle": 0, "axis": "y", "origin": [12, 10, 10]},
			"faces": {
				"north": {"uv": [10.5, 12.5, 11.5, 16], "texture": "#0"},
				"east": {"uv": [0, 0, 0, 3.5], "texture": "#0"},
				"south": {"uv": [12.5, 12.5, 11.5, 16], "texture": "#0"},
				"west": {"uv": [0, 0, 0, 3.5], "texture": "#0"},
				"up": {"uv": [0, 0, 0, 1], "rotation": 90, "texture": "#0"},
				"down": {"uv": [0, 0, 0, 1], "rotation": 270, "texture": "#0"}
			}
		},
		{
			"from": [11, 12, 12.1],
			"to": [14, 27, 12.1],
			"rotation": {"angle": 45, "axis": "y", "origin": [11, 12, 12.1]},
			"faces": {
				"north": {"uv": [14.5, 12.25, 15.25, 16], "texture": "#0"},
				"east": {"uv": [15.25, 12.25, 15.25, 16], "texture": "#0"},
				"south": {"uv": [15.25, 12.25, 16, 16], "texture": "#0"},
				"west": {"uv": [14.5, 12.25, 14.5, 16], "texture": "#0"},
				"up": {"uv": [14.5, 12.25, 15.25, 12.25], "texture": "#0"},
				"down": {"uv": [15.25, 12.25, 16, 12.25], "texture": "#0"}
			}
		}
	],
	"groups": [
		{
			"name": "Плащ",
			"origin": [8, 8, 8],
			"color": 0,
			"children": [
				{
					"name": "Рукава",
					"origin": [8, 8, 8],
					"color": 0,
					"children": [0, 1]
				},
				{
					"name": "Хуйня какая-то",
					"origin": [8, 8, 8],
					"color": 0,
					"children": [2, 3, 4, 5, 6, 7, 8, 9, 10, 11, 12]
				},
				13
			]
		}
	]
}