{
	"credit": "By NZ in Blockbench",
	"texture_size": [32, 32],
	"textures": {
		"0": "ht:blocks/luggage2"
	},
	"elements": [
		{
			"from": [3, 1, 11],
			"to": [13, 14, 15],
			"rotation": {"angle": 0, "axis": "y", "origin": [0, 0, 3]},
			"faces": {
				"north": {"uv": [13, 11.5, 16, 16], "texture": "#0"},
				"east": {"uv": [0, 6.5, 2, 13], "texture": "#0"},
				"south": {"uv": [5, 0, 10, 6.5], "texture": "#0"},
				"west": {"uv": [5, 6.5, 7, 13], "texture": "#0"},
				"up": {"uv": [12, 8.5, 7, 6.5], "texture": "#0"},
				"down": {"uv": [15, 0, 10, 2], "texture": "#0"}
			}
		},
		{
			"from": [15.1, 0.4, 11],
			"to": [15.1, 2.4, 12],
			"rotation": {"angle": 22.5, "axis": "z", "origin": [0, 0, 3]},
			"faces": {
				"north": {"uv": [0, 0, 0, 1], "texture": "#0"},
				"east": {"uv": [12, 12.5, 12.5, 13.5], "texture": "#0"},
				"south": {"uv": [0, 0, 0, 1], "texture": "#0"},
				"west": {"uv": [12.5, 12.5, 13, 13.5], "texture": "#0"},
				"up": {"uv": [0, 0.5, 0, 0], "texture": "#0"},
				"down": {"uv": [0, 0, 0, 0.5], "texture": "#0"}
			}
		},
		{
			"from": [13, 11, 13],
			"to": [14, 13, 14],
			"rotation": {"angle": 0, "axis": "y", "origin": [0, 0, 3]},
			"faces": {
				"north": {"uv": [11, 10.5, 11.5, 11.5], "texture": "#0"},
				"east": {"uv": [11.5, 10.5, 12, 11.5], "texture": "#0"},
				"south": {"uv": [11, 11.5, 11.5, 12.5], "texture": "#0"},
				"west": {"uv": [11.5, 11.5, 12, 12.5], "texture": "#0"},
				"up": {"uv": [13.5, 9, 13, 8.5], "texture": "#0"},
				"down": {"uv": [9.5, 13, 9, 13.5], "texture": "#0"}
			}
		},
		{
			"from": [5, 14, 12],
			"to": [11, 15, 13],
			"rotation": {"angle": 0, "axis": "y", "origin": [0, 0, 3]},
			"faces": {
				"north": {"uv": [10, 5.5, 13, 6], "texture": "#0"},
				"east": {"uv": [13, 10.5, 13.5, 11], "texture": "#0"},
				"south": {"uv": [10, 6, 13, 6.5], "texture": "#0"},
				"west": {"uv": [13, 11, 13.5, 11.5], "texture": "#0"},
				"up": {"uv": [10, 10.5, 7, 10], "texture": "#0"},
				"down": {"uv": [13, 10, 10, 10.5], "texture": "#0"}
			}
		},
		{
			"from": [13, 11, 9],
			"to": [14, 13, 10],
			"rotation": {"angle": -22.5, "axis": "y", "origin": [13, 1, 11]},
			"faces": {
				"north": {"uv": [12, 6.5, 12.5, 7.5], "texture": "#0"},
				"east": {"uv": [12, 7.5, 12.5, 8.5], "texture": "#0"},
				"south": {"uv": [12, 8.5, 12.5, 9.5], "texture": "#0"},
				"west": {"uv": [12, 10.5, 12.5, 11.5], "texture": "#0"},
				"up": {"uv": [13.5, 9.5, 13, 9], "texture": "#0"},
				"down": {"uv": [10, 13, 9.5, 13.5], "texture": "#0"}
			}
		},
		{
			"from": [13, 2, 9],
			"to": [14, 4, 10],
			"rotation": {"angle": -22.5, "axis": "y", "origin": [13, 1, 11]},
			"faces": {
				"north": {"uv": [12.5, 10.5, 13, 11.5], "texture": "#0"},
				"east": {"uv": [11, 12.5, 11.5, 13.5], "texture": "#0"},
				"south": {"uv": [11.5, 12.5, 12, 13.5], "texture": "#0"},
				"west": {"uv": [12.5, 11.5, 13, 12.5], "texture": "#0"},
				"up": {"uv": [13.5, 10.5, 13, 10], "texture": "#0"},
				"down": {"uv": [11, 13, 10.5, 13.5], "texture": "#0"}
			}
		},
		{
			"from": [13, 2, 13],
			"to": [14, 4, 14],
			"rotation": {"angle": 0, "axis": "y", "origin": [0, 0, 3]},
			"faces": {
				"north": {"uv": [12, 11.5, 12.5, 12.5], "texture": "#0"},
				"east": {"uv": [12.5, 6.5, 13, 7.5], "texture": "#0"},
				"south": {"uv": [12.5, 7.5, 13, 8.5], "texture": "#0"},
				"west": {"uv": [12.5, 8.5, 13, 9.5], "texture": "#0"},
				"up": {"uv": [13.5, 10, 13, 9.5], "texture": "#0"},
				"down": {"uv": [10.5, 13, 10, 13.5], "texture": "#0"}
			}
		},
		{
			"from": [10, 14, 14],
			"to": [11, 19, 15],
			"rotation": {"angle": 0, "axis": "y", "origin": [0, 0, 3]},
			"faces": {
				"north": {"uv": [7, 10.5, 7.5, 13], "texture": "#0"},
				"east": {"uv": [7.5, 10.5, 8, 13], "texture": "#0"},
				"south": {"uv": [8, 10.5, 8.5, 13], "texture": "#0"},
				"west": {"uv": [8.5, 10.5, 9, 13], "texture": "#0"},
				"up": {"uv": [13.5, 7.5, 13, 7], "texture": "#0"},
				"down": {"uv": [8, 13, 7.5, 13.5], "texture": "#0"}
			}
		},
		{
			"from": [5, 14, 14],
			"to": [6, 19, 15],
			"rotation": {"angle": 0, "axis": "y", "origin": [0, 0, 3]},
			"faces": {
				"north": {"uv": [9, 10.5, 9.5, 13], "texture": "#0"},
				"east": {"uv": [9.5, 10.5, 10, 13], "texture": "#0"},
				"south": {"uv": [10, 10.5, 10.5, 13], "texture": "#0"},
				"west": {"uv": [10.5, 10.5, 11, 13], "texture": "#0"},
				"up": {"uv": [13.5, 8, 13, 7.5], "texture": "#0"},
				"down": {"uv": [8.5, 13, 8, 13.5], "texture": "#0"}
			}
		},
		{
			"from": [5, 19, 14],
			"to": [11, 20, 15],
			"rotation": {"angle": 0, "axis": "y", "origin": [0, 0, 3]},
			"faces": {
				"north": {"uv": [10, 3.5, 13, 4], "texture": "#0"},
				"east": {"uv": [13, 8, 13.5, 8.5], "texture": "#0"},
				"south": {"uv": [10, 4, 13, 4.5], "texture": "#0"},
				"west": {"uv": [8.5, 13, 9, 13.5], "texture": "#0"},
				"up": {"uv": [13, 5, 10, 4.5], "texture": "#0"},
				"down": {"uv": [13, 5, 10, 5.5], "texture": "#0"}
			}
		},
		{
			"from": [13, 0, 8],
			"to": [14, 1, 9],
			"rotation": {"angle": -22.5, "axis": "y", "origin": [13.5, 0.5, 8.5]},
			"faces": {
				"north": {"uv": [12, 9.5, 12.5, 10], "texture": "#0"},
				"east": {"uv": [12.5, 9.5, 13, 10], "texture": "#0"},
				"south": {"uv": [0, 13, 0.5, 13.5], "texture": "#0"},
				"west": {"uv": [0.5, 13, 1, 13.5], "texture": "#0"},
				"up": {"uv": [1.5, 13.5, 1, 13], "texture": "#0"},
				"down": {"uv": [2, 13, 1.5, 13.5], "texture": "#0"}
			}
		},
		{
			"from": [4.5, 0, 4.75],
			"to": [5.5, 1, 5.75],
			"rotation": {"angle": -22.5, "axis": "y", "origin": [5.5, 0.5, 5.5]},
			"faces": {
				"north": {"uv": [2, 13, 2.5, 13.5], "texture": "#0"},
				"east": {"uv": [2.5, 13, 3, 13.5], "texture": "#0"},
				"south": {"uv": [3, 13, 3.5, 13.5], "texture": "#0"},
				"west": {"uv": [3.5, 13, 4, 13.5], "texture": "#0"},
				"up": {"uv": [13.5, 4, 13, 3.5], "texture": "#0"},
				"down": {"uv": [4.5, 13, 4, 13.5], "texture": "#0"}
			}
		},
		{
			"from": [3, 0, 14],
			"to": [4, 1, 15],
			"rotation": {"angle": 0, "axis": "y", "origin": [0, 0, 3]},
			"faces": {
				"north": {"uv": [13, 5.5, 13.5, 6], "texture": "#0"},
				"east": {"uv": [6, 13, 6.5, 13.5], "texture": "#0"},
				"south": {"uv": [13, 6, 13.5, 6.5], "texture": "#0"},
				"west": {"uv": [6.5, 13, 7, 13.5], "texture": "#0"},
				"up": {"uv": [13.5, 7, 13, 6.5], "texture": "#0"},
				"down": {"uv": [7.5, 13, 7, 13.5], "texture": "#0"}
			}
		},
		{
			"from": [12, 0, 14],
			"to": [13, 1, 15],
			"rotation": {"angle": 0, "axis": "y", "origin": [0, 0, 3]},
			"faces": {
				"north": {"uv": [13, 4, 13.5, 4.5], "texture": "#0"},
				"east": {"uv": [4.5, 13, 5, 13.5], "texture": "#0"},
				"south": {"uv": [13, 4.5, 13.5, 5], "texture": "#0"},
				"west": {"uv": [5, 13, 5.5, 13.5], "texture": "#0"},
				"up": {"uv": [13.5, 5.5, 13, 5], "texture": "#0"},
				"down": {"uv": [6, 13, 5.5, 13.5], "texture": "#0"}
			}
		},
		{
			"from": [3, 1, 8],
			"to": [13, 14, 11],
			"rotation": {"angle": -22.5, "axis": "y", "origin": [13, 1, 11]},
			"faces": {
				"north": {"uv": [0, 0, 5, 6.5], "texture": "#0"},
				"east": {"uv": [2, 6.5, 3.5, 13], "texture": "#0"},
				"south": {"uv": [13, 11.5, 16, 16], "texture": "#0"},
				"west": {"uv": [3.5, 6.5, 5, 13], "texture": "#0"},
				"up": {"uv": [7, 8.5, 12, 10], "rotation": 180, "texture": "#0"},
				"down": {"uv": [10, 2, 15, 3.5], "texture": "#0"}
			}
		},
		{
			"from": [2.99, 0.99, 11],
			"to": [12.97, 13.97, 8],
			"rotation": {"angle": -22.5, "axis": "y", "origin": [13, 1, 11]},
			"faces": {
				"north": {"uv": [0, 0, 5, 6.5], "texture": "#0"},
				"east": {"uv": [2, 6.5, 3.5, 13], "texture": "#0"},
				"south": {"uv": [5, 0, 10, 6.5], "texture": "#0"},
				"west": {"uv": [3.5, 6.5, 5, 13], "texture": "#0"},
				"up": {"uv": [7, 8.5, 12, 10], "rotation": 180, "texture": "#0"},
				"down": {"uv": [10, 0, 15, 1.5], "texture": "#0"}
			}
		},
		{
			"from": [2.99, 0.99, 15],
			"to": [12.97, 13.97, 11],
			"rotation": {"angle": 0, "axis": "y", "origin": [0, 0, 3]},
			"faces": {
				"north": {"uv": [0, 0, 5, 6.5], "texture": "#0"},
				"east": {"uv": [5, 6.5, 7, 13], "texture": "#0"},
				"south": {"uv": [5, 0, 10, 6.5], "texture": "#0"},
				"west": {"uv": [0, 6.5, 2, 13], "texture": "#0"},
				"up": {"uv": [12, 10, 7, 8], "texture": "#0"},
				"down": {"uv": [15, 1.5, 10, 3.5], "texture": "#0"}
			}
		}
	],
	"display": {
		"gui": {
			"rotation": [12, 157, 0],
			"translation": [-0.5, -1.25, 0],
			"scale": [0.8, 0.8, 0.8]
		}
	}
}