{
	"credit": "By NZ in Blockbench",
	"texture_size": [64, 64],
	"textures": {
		"1": "ht:blocks/office_filecabinet"
	},
	"elements": [
		{
			"from": [0.5, 0, 6],
			"to": [15.5, 16, 16],
			"rotation": {"angle": 0, "axis": "y", "origin": [0.5, -16, 14]},
			"faces": {
				"north": {"uv": [0, 0, 3.75, 4], "texture": "#1"},
				"east": {"uv": [7.5, 0, 10, 4], "texture": "#1"},
				"south": {"uv": [3.75, 0, 7.5, 4], "texture": "#1"},
				"west": {"uv": [0, 8, 2.5, 12], "texture": "#1"},
				"up": {"uv": [6.25, 10.5, 2.5, 8], "texture": "#1"},
				"down": {"uv": [10, 8, 6.25, 10.5], "texture": "#1"}
			}
		},
		{
			"from": [2.5, 2.11522, 5.17926],
			"to": [13.5, 2.11522, 6.17926],
			"rotation": {"angle": -45, "axis": "x", "origin": [8, 2.11522, 5.67926]},
			"faces": {
				"north": {"uv": [0, 0, 2.75, 0], "texture": "#1"},
				"east": {"uv": [0, 0, 0.25, 0], "texture": "#1"},
				"south": {"uv": [0, 0, 2.75, 0], "texture": "#1"},
				"west": {"uv": [0, 0, 0.25, 0], "texture": "#1"},
				"up": {"uv": [12.75, 0.25, 10, 0], "texture": "#1"},
				"down": {"uv": [12.75, 0.25, 10, 0.5], "texture": "#1"}
			}
		},
		{
			"from": [2.5, 7.11522, 5.17926],
			"to": [13.5, 7.11522, 6.17926],
			"rotation": {"angle": -45, "axis": "x", "origin": [8, 7.11522, 5.67926]},
			"faces": {
				"north": {"uv": [0, 0, 2.75, 0], "texture": "#1"},
				"east": {"uv": [0, 0, 0.25, 0], "texture": "#1"},
				"south": {"uv": [0, 0, 2.75, 0], "texture": "#1"},
				"west": {"uv": [0, 0, 0.25, 0], "texture": "#1"},
				"up": {"uv": [12.75, 0.25, 10, 0], "texture": "#1"},
				"down": {"uv": [12.75, 0.25, 10, 0.5], "texture": "#1"}
			}
		},
		{
			"from": [2.5, 12.11522, 5.17926],
			"to": [13.5, 12.11522, 6.17926],
			"rotation": {"angle": -45, "axis": "x", "origin": [8, 12.11522, 5.67926]},
			"faces": {
				"north": {"uv": [0, 0, 2.75, 0], "texture": "#1"},
				"east": {"uv": [0, 0, 0.25, 0], "texture": "#1"},
				"south": {"uv": [0, 0, 2.75, 0], "texture": "#1"},
				"west": {"uv": [0, 0, 0.25, 0], "texture": "#1"},
				"up": {"uv": [12.75, 0.25, 10, 0], "texture": "#1"},
				"down": {"uv": [12.75, 0.25, 10, 0.5], "texture": "#1"}
			}
		}
	],
	"display": {
		"gui": {
			"rotation": [16, 168, 0],
			"translation": [0, -3, 0],
			"scale": [0.4, 0.4, 0.4]
		}
	}
}