{
	"credit": "By NZ in Blockbench",
	"texture_size": [64, 64],
	"textures": {
		"1": "blocks:office_filecabinet"
	},
	"elements": [
		{
			"from": [0.5, 0, 6],
			"to": [15.5, 16, 16],
			"rotation": {"angle": 0, "axis": "y", "origin": [0.5, -16, 14]},
			"faces": {
				"north": {"uv": [0, 0, 3.75, 4], "texture": "#1"},
				"east": {"uv": [7.5, 0, 10, 4], "texture": "#1"},
				"south": {"uv": [3.75, 0, 7.5, 4], "texture": "#1"},
				"west": {"uv": [0, 8, 2.5, 12], "texture": "#1"},
				"up": {"uv": [6.25, 10.5, 2.5, 8], "texture": "#1"},
				"down": {"uv": [10, 8, 6.25, 10.5], "texture": "#1"}
			}
		},
		{
			"from": [2.5, 0, 3],
			"to": [7.5, 4, 6],
			"rotation": {"angle": 0, "axis": "y", "origin": [4, 1, 4]},
			"faces": {
				"north": {"uv": [2, 5.5, 3.25, 6.5], "texture": "#1"},
				"east": {"uv": [8.5, 9.5, 9.25, 10.5], "texture": "#1"},
				"south": {"uv": [6, 10.25, 7.25, 11.25], "texture": "#1"},
				"west": {"uv": [9.25, 9.5, 10, 10.5], "texture": "#1"},
				"up": {"uv": [12, 13.25, 13.25, 14.25], "texture": "#1"},
				"down": {"uv": [2, 4.5, 3.25, 5.25], "texture": "#1"}
			}
		},
		{
			"from": [2.5, 0, 5.99],
			"to": [7.5, 4, 3],
			"rotation": {"angle": 0, "axis": "y", "origin": [4, 1, 13]},
			"faces": {
				"north": {"uv": [3.75, 6.5, 5, 7.5], "texture": "#1"},
				"east": {"uv": [8.5, 9.5, 9.25, 10.5], "texture": "#1"},
				"south": {"uv": [0.5, 5.5, 1.75, 6.5], "texture": "#1"},
				"west": {"uv": [9.25, 9.5, 10, 10.5], "texture": "#1"},
				"up": {"uv": [11.75, 9.5, 13, 10.5], "texture": "#1"},
				"down": {"uv": [2, 4.5, 3.25, 5.25], "texture": "#1"}
			}
		},
		{
			"from": [8.5, 5, 3],
			"to": [13.5, 9, 6],
			"rotation": {"angle": 0, "axis": "y", "origin": [10, 6, 4]},
			"faces": {
				"north": {"uv": [2, 5.5, 3.25, 6.5], "texture": "#1"},
				"east": {"uv": [8.5, 9.5, 9.25, 10.5], "texture": "#1"},
				"south": {"uv": [6, 10.25, 7.25, 11.25], "texture": "#1"},
				"west": {"uv": [9.25, 9.5, 10, 10.5], "texture": "#1"},
				"up": {"uv": [12, 13.25, 13.25, 14.25], "texture": "#1"},
				"down": {"uv": [2, 4.5, 3.25, 5.25], "texture": "#1"}
			}
		},
		{
			"from": [8.5, 5, 5.99],
			"to": [13.5, 9, 3],
			"rotation": {"angle": 0, "axis": "y", "origin": [10, 6, 13]},
			"faces": {
				"north": {"uv": [3.75, 6.5, 5, 7.5], "texture": "#1"},
				"east": {"uv": [8.5, 9.5, 9.25, 10.5], "texture": "#1"},
				"south": {"uv": [0.5, 5.5, 1.75, 6.5], "texture": "#1"},
				"west": {"uv": [9.25, 9.5, 10, 10.5], "texture": "#1"},
				"up": {"uv": [11.75, 9.5, 13, 10.5], "texture": "#1"},
				"down": {"uv": [2, 4.5, 3.25, 5.25], "texture": "#1"}
			}
		},
		{
			"from": [2.5, 10, 3],
			"to": [7.5, 14, 6],
			"rotation": {"angle": 0, "axis": "y", "origin": [4, 11, 4]},
			"faces": {
				"north": {"uv": [2, 5.5, 3.25, 6.5], "texture": "#1"},
				"east": {"uv": [8.5, 9.5, 9.25, 10.5], "texture": "#1"},
				"south": {"uv": [6, 10.25, 7.25, 11.25], "texture": "#1"},
				"west": {"uv": [9.25, 9.5, 10, 10.5], "texture": "#1"},
				"up": {"uv": [12, 13.25, 13.25, 14.25], "texture": "#1"},
				"down": {"uv": [2, 4.5, 3.25, 5.25], "texture": "#1"}
			}
		},
		{
			"from": [2.5, 10, 5.99],
			"to": [7.5, 14, 3],
			"rotation": {"angle": 0, "axis": "y", "origin": [4, 11, 13]},
			"faces": {
				"north": {"uv": [3.75, 6.5, 5, 7.5], "texture": "#1"},
				"east": {"uv": [8.5, 9.5, 9.25, 10.5], "texture": "#1"},
				"south": {"uv": [0.5, 5.5, 1.75, 6.5], "texture": "#1"},
				"west": {"uv": [9.25, 9.5, 10, 10.5], "texture": "#1"},
				"up": {"uv": [11.75, 9.5, 13, 10.5], "texture": "#1"},
				"down": {"uv": [2, 4.5, 3.25, 5.25], "texture": "#1"}
			}
		},
		{
			"from": [8.5, 7.11522, 2.17926],
			"to": [13.5, 7.11522, 3.17926],
			"rotation": {"angle": -45, "axis": "x", "origin": [8, 7.11522, 2.67926]},
			"faces": {
				"north": {"uv": [0, 0, 2.75, 0], "texture": "#missing"},
				"east": {"uv": [0, 0, 0.25, 0], "texture": "#missing"},
				"south": {"uv": [0, 0, 2.75, 0], "texture": "#missing"},
				"west": {"uv": [0, 0, 0.25, 0], "texture": "#missing"},
				"up": {"uv": [11.25, 0.25, 10, 0], "texture": "#1"},
				"down": {"uv": [11.25, 0.25, 10, 0.5], "texture": "#1"}
			}
		},
		{
			"from": [2.5, 7.11522, 5.17926],
			"to": [7.5, 7.11522, 6.17926],
			"rotation": {"angle": -45, "axis": "x", "origin": [2, 7.11522, 5.67926]},
			"faces": {
				"north": {"uv": [0, 0, 2.75, 0], "texture": "#missing"},
				"east": {"uv": [0, 0, 0.25, 0], "texture": "#missing"},
				"south": {"uv": [0, 0, 2.75, 0], "texture": "#missing"},
				"west": {"uv": [0, 0, 0.25, 0], "texture": "#missing"},
				"up": {"uv": [11.25, 0.25, 10, 0], "texture": "#1"},
				"down": {"uv": [11.25, 0.25, 10, 0.5], "texture": "#1"}
			}
		},
		{
			"from": [8.5, 12.11522, 5.17926],
			"to": [13.5, 12.11522, 6.17926],
			"rotation": {"angle": -45, "axis": "x", "origin": [8, 12.11522, 5.67926]},
			"faces": {
				"north": {"uv": [0, 0, 2.75, 0], "texture": "#missing"},
				"east": {"uv": [0, 0, 0.25, 0], "texture": "#missing"},
				"south": {"uv": [0, 0, 2.75, 0], "texture": "#missing"},
				"west": {"uv": [0, 0, 0.25, 0], "texture": "#missing"},
				"up": {"uv": [11.25, 0.25, 10, 0], "texture": "#1"},
				"down": {"uv": [11.25, 0.25, 10, 0.5], "texture": "#1"}
			}
		},
		{
			"from": [2.5, 12.11522, 2.17926],
			"to": [7.5, 12.11522, 3.17926],
			"rotation": {"angle": -45, "axis": "x", "origin": [2, 12.11522, 2.67926]},
			"faces": {
				"north": {"uv": [0, 0, 2.75, 0], "texture": "#missing"},
				"east": {"uv": [0, 0, 0.25, 0], "texture": "#missing"},
				"south": {"uv": [0, 0, 2.75, 0], "texture": "#missing"},
				"west": {"uv": [0, 0, 0.25, 0], "texture": "#missing"},
				"up": {"uv": [11.25, 0.25, 10, 0], "texture": "#1"},
				"down": {"uv": [11.25, 0.25, 10, 0.5], "texture": "#1"}
			}
		},
		{
			"from": [8.5, 2.11522, 5.17926],
			"to": [13.5, 2.11522, 6.17926],
			"rotation": {"angle": -45, "axis": "x", "origin": [8, 2.11522, 5.67926]},
			"faces": {
				"north": {"uv": [0, 0, 2.75, 0], "texture": "#missing"},
				"east": {"uv": [0, 0, 0.25, 0], "texture": "#missing"},
				"south": {"uv": [0, 0, 2.75, 0], "texture": "#missing"},
				"west": {"uv": [0, 0, 0.25, 0], "texture": "#missing"},
				"up": {"uv": [11.25, 0.25, 10, 0], "texture": "#1"},
				"down": {"uv": [11.25, 0.25, 10, 0.5], "texture": "#1"}
			}
		},
		{
			"from": [2.5, 2.11522, 2.17926],
			"to": [7.5, 2.11522, 3.17926],
			"rotation": {"angle": -45, "axis": "x", "origin": [2, 2.11522, 2.67926]},
			"faces": {
				"north": {"uv": [0, 0, 2.75, 0], "texture": "#missing"},
				"east": {"uv": [0, 0, 0.25, 0], "texture": "#missing"},
				"south": {"uv": [0, 0, 2.75, 0], "texture": "#missing"},
				"west": {"uv": [0, 0, 0.25, 0], "texture": "#missing"},
				"up": {"uv": [11.25, 0.25, 10, 0], "texture": "#1"},
				"down": {"uv": [11.25, 0.25, 10, 0.5], "texture": "#1"}
			}
		}
	],
	"display": {
		"gui": {
			"rotation": [16, 168, 0],
			"translation": [0, -3, 0],
			"scale": [0.4, 0.4, 0.4]
		}
	}
}