{
	"credit": "Made with Blockbench",
	"texture_size": [32, 32],
	"textures": {
		"0": "block/pc",
		"particle": "block/pc"
	},
	"elements": [
		{
			"from": [4, 0, 0],
			"to": [12, 16, 16],
			"rotation": {"angle": 0, "axis": "y", "origin": [7, 0, 0]},
			"faces": {
				"north": {"uv": [8, 0, 12, 8], "texture": "#0"},
				"east": {"uv": [0, 0, 8, 8], "texture": "#0"},
				"south": {"uv": [8, 8, 12, 16], "texture": "#0"},
				"west": {"uv": [0, 8, 8, 16], "texture": "#0"},
				"up": {"uv": [16, 8, 12, 0], "texture": "#0"},
				"down": {"uv": [16, 8, 12, 16], "texture": "#0"}
			}
		}
	]
}