{
	"credit": "Made with Blockbench",
	"texture_size": [64, 64],
	"textures": {
		"1": "block/texture",
		"particle": "block/texture"
	},
	"elements": [
		{
			"from": [4, 0, 0],
			"to": [12, 16, 16],
			"rotation": {"angle": 0, "axis": "y", "origin": [7, 0, 0]},
			"faces": {
				"north": {"uv": [0, 8, 2, 12], "texture": "#1"},
				"east": {"uv": [0, 0, 4, 4], "texture": "#1"},
				"south": {"uv": [8, 0, 10, 4], "texture": "#1"},
				"west": {"uv": [10, 4, 14, 8], "texture": "#1"},
				"up": {"uv": [4, 12, 2, 8], "texture": "#1"},
				"down": {"uv": [6, 8, 4, 12], "texture": "#1"}
			}
		},
		{
			"from": [-2, 0, 1],
			"to": [-2, 16, 17],
			"rotation": {"angle": -22.5, "axis": "z", "origin": [-2.2, 0, 1]},
			"faces": {
				"north": {"uv": [0, 0, 0, 4], "texture": "#1"},
				"east": {"uv": [0, 0, 4, 4], "texture": "#1"},
				"south": {"uv": [0, 0, 0, 4], "texture": "#1"},
				"west": {"uv": [0, 4, 4, 8], "texture": "#1"},
				"up": {"uv": [0, 4, 0, 0], "texture": "#1"},
				"down": {"uv": [0, 0, 0, 4], "texture": "#1"}
			}
		},
		{
			"from": [12, 0, 0],
			"to": [4, 16, 16],
			"rotation": {"angle": 0, "axis": "y", "origin": [8, 0, 0]},
			"faces": {
				"north": {"uv": [8, 0, 10, 4], "texture": "#1"},
				"east": {"uv": [0, 0, 4, 4], "texture": "#1"},
				"south": {"uv": [2, 8, 4, 12], "texture": "#1"},
				"west": {"uv": [0, 3.75, 4, 7.75], "texture": "#1"},
				"up": {"uv": [6, 12, 4, 8], "texture": "#1"},
				"down": {"uv": [10, 0, 8, 4], "texture": "#1"}
			}
		}
	]
}