{
	"credit": "By NZ in Blockbench",
	"textures": {
		"0": "blocks:pills"
	},
	"elements": [
		{
			"from": [5.84, 0.054, 6.42],
			"to": [10.7, 0.064, 9.12],
			"rotation": {"angle": 22.5, "axis": "y", "origin": [8.27, 0.054, 7.77]},
			"faces": {
				"north": {"uv": [0, 0, 9, 0], "texture": "#0"},
				"east": {"uv": [0, 0, 5, 0], "texture": "#0"},
				"south": {"uv": [0, 0, 9, 0], "texture": "#0"},
				"west": {"uv": [0, 0, 5, 0], "texture": "#0"},
				"up": {"uv": [9, 5, 0, 0], "texture": "#0"},
				"down": {"uv": [9, 5, 0, 10], "texture": "#0"}
			}
		}
	],
	"display": {
		"thirdperson_righthand": {
			"rotation": [0, -45, 0],
			"translation": [-1.5, 8, -0.25]
		},
		"thirdperson_lefthand": {
			"scale": [0, 0, 0]
		},
		"firstperson_righthand": {
			"rotation": [21, 26, 0],
			"translation": [6.5, 11, 0],
			"scale": [2, 2, 2]
		},
		"ground": {
			"rotation": [-90, 0, 0],
			"translation": [0, 4.5, -7.5]
		},
		"gui": {
			"rotation": [46, 17, 0],
			"translation": [-0.5, 10, 0],
			"scale": [2, 2, 2]
		}
	}
}