{
	"credit": "By NZ in Blockbench",
	"textures": {
		"0": "blocks:pliers"
	},
	"elements": [
		{
			"from": [7.07059, 0, 6.31527],
			"to": [7.82059, 0.75, 8.56527],
			"rotation": {"angle": 45, "axis": "y", "origin": [8.00041, 0.375, 8.20666]},
			"faces": {
				"north": {"uv": [6, 0, 7, 1], "texture": "#0"},
				"east": {"uv": [0, 0, 3, 1], "texture": "#0"},
				"south": {"uv": [2, 6, 3, 7], "texture": "#0"},
				"west": {"uv": [0, 1, 3, 2], "texture": "#0"},
				"up": {"uv": [1, 5, 0, 2], "texture": "#0"},
				"down": {"uv": [2, 2, 1, 5], "texture": "#0"}
			}
		},
		{
			"from": [8.11969, 0, 8.85653],
			"to": [8.86969, 0.75, 8.86653],
			"rotation": {"angle": -22.5, "axis": "y", "origin": [8.00041, 0.375, 8.20666]},
			"faces": {
				"north": {"uv": [6, 6, 7, 7], "texture": "#0"},
				"east": {"uv": [0, 0, 0, 1], "texture": "#0"},
				"south": {"uv": [6, 6, 7, 7], "texture": "#0"},
				"west": {"uv": [0, 0, 0, 1], "texture": "#0"},
				"up": {"uv": [1, 0, 0, 0], "texture": "#0"},
				"down": {"uv": [1, 0, 0, 0], "texture": "#0"}
			}
		},
		{
			"from": [8.64997, 0, 8.32516],
			"to": [8.65997, 0.75, 9.07516],
			"rotation": {"angle": -22.5, "axis": "y", "origin": [8.00041, 0.375, 8.20666]},
			"faces": {
				"north": {"uv": [0, 0, 0, 1], "texture": "#0"},
				"east": {"uv": [7, 0, 8, 1], "texture": "#0"},
				"south": {"uv": [0, 0, 0, 1], "texture": "#0"},
				"west": {"uv": [7, 0, 8, 1], "texture": "#0"},
				"up": {"uv": [0, 1, 0, 0], "texture": "#0"},
				"down": {"uv": [0, 0, 0, 1], "texture": "#0"}
			}
		},
		{
			"from": [6.41757, 0, 5.31507],
			"to": [7.16757, 0.75, 6.81507],
			"rotation": {"angle": 22.5, "axis": "y", "origin": [8.00041, 0.375, 8.20666]},
			"faces": {
				"north": {"uv": [4, 6, 5, 7], "texture": "#0"},
				"east": {"uv": [3, 1, 5, 2], "texture": "#0"},
				"south": {"uv": [6, 4, 7, 5], "texture": "#0"},
				"west": {"uv": [4, 3, 6, 4], "texture": "#0"},
				"up": {"uv": [5, 6, 4, 4], "texture": "#0"},
				"down": {"uv": [1, 5, 0, 7], "texture": "#0"}
			}
		},
		{
			"from": [8.83324, 0, 5.31478],
			"to": [9.58324, 0.75, 6.81478],
			"rotation": {"angle": 22.5, "axis": "y", "origin": [8.00041, 0.375, 8.20666]},
			"faces": {
				"north": {"uv": [5, 6, 6, 7], "texture": "#0"},
				"east": {"uv": [5, 1, 7, 2], "texture": "#0"},
				"south": {"uv": [6, 5, 7, 6], "texture": "#0"},
				"west": {"uv": [5, 2, 7, 3], "texture": "#0"},
				"up": {"uv": [2, 7, 1, 5], "texture": "#0"},
				"down": {"uv": [6, 4, 5, 6], "texture": "#0"}
			}
		},
		{
			"from": [8.18011, 0, 6.315],
			"to": [8.93011, 0.75, 8.565],
			"rotation": {"angle": 0, "axis": "y", "origin": [8.00041, 0.375, 8.20666]},
			"faces": {
				"north": {"uv": [3, 6, 4, 7], "texture": "#0"},
				"east": {"uv": [2, 2, 5, 3], "texture": "#0"},
				"south": {"uv": [6, 3, 7, 4], "texture": "#0"},
				"west": {"uv": [3, 0, 6, 1], "texture": "#0"},
				"up": {"uv": [3, 6, 2, 3], "texture": "#0"},
				"down": {"uv": [4, 3, 3, 6], "texture": "#0"}
			}
		},
		{
			"from": [7.7326, 0, 9.25818],
			"to": [7.7426, 0.75, 10.00818],
			"rotation": {"angle": 45, "axis": "y", "origin": [8.00041, 0.375, 8.20666]},
			"faces": {
				"north": {"uv": [0, 0, 0, 1], "texture": "#0"},
				"east": {"uv": [7, 1, 8, 2], "texture": "#0"},
				"south": {"uv": [0, 0, 0, 1], "texture": "#0"},
				"west": {"uv": [7, 1, 8, 2], "texture": "#0"},
				"up": {"uv": [0, 1, 0, 0], "texture": "#0"},
				"down": {"uv": [0, 0, 0, 1], "texture": "#0"}
			}
		},
		{
			"from": [8.44234, 0, 9.97324],
			"to": [8.45234, 0.75, 10.72324],
			"rotation": {"angle": 22.5, "axis": "y", "origin": [8.00041, 0.375, 8.20666]},
			"faces": {
				"north": {"uv": [0, 0, 0, 1], "texture": "#0"},
				"east": {"uv": [7, 3, 8, 4], "texture": "#0"},
				"south": {"uv": [0, 0, 0, 1], "texture": "#0"},
				"west": {"uv": [7, 3, 8, 4], "texture": "#0"},
				"up": {"uv": [0, 1, 0, 0], "texture": "#0"},
				"down": {"uv": [0, 0, 0, 1], "texture": "#0"}
			}
		},
		{
			"from": [7.55835, 0, 9.97353],
			"to": [7.56835, 0.75, 10.72353],
			"rotation": {"angle": 22.5, "axis": "y", "origin": [8.00041, 0.375, 8.20666]},
			"faces": {
				"north": {"uv": [0, 0, 0, 1], "texture": "#0"},
				"east": {"uv": [7, 4, 8, 5], "texture": "#0"},
				"south": {"uv": [0, 0, 0, 1], "texture": "#0"},
				"west": {"uv": [7, 4, 8, 5], "texture": "#0"},
				"up": {"uv": [0, 1, 0, 0], "texture": "#0"},
				"down": {"uv": [0, 0, 0, 1], "texture": "#0"}
			}
		},
		{
			"from": [8.26809, 0, 9.25791],
			"to": [8.27809, 0.75, 10.00791],
			"rotation": {"angle": 0, "axis": "y", "origin": [8.00041, 0.375, 8.20666]},
			"faces": {
				"north": {"uv": [0, 0, 0, 1], "texture": "#0"},
				"east": {"uv": [7, 2, 8, 3], "texture": "#0"},
				"south": {"uv": [0, 0, 0, 1], "texture": "#0"},
				"west": {"uv": [7, 2, 8, 3], "texture": "#0"},
				"up": {"uv": [0, 1, 0, 0], "texture": "#0"},
				"down": {"uv": [0, 0, 0, 1], "texture": "#0"}
			}
		}
	],
	"display": {
		"thirdperson_righthand": {
			"rotation": [-59, -5, 90],
			"translation": [-9, 1, -1.25]
		},
		"thirdperson_lefthand": {
			"scale": [0, 0, 0]
		},
		"firstperson_righthand": {
			"rotation": [69, 180, -89],
			"translation": [-5.25, 3.25, 0.75]
		},
		"ground": {
			"rotation": [-90, 0, 0],
			"translation": [0, 0, -7.5]
		},
		"gui": {
			"rotation": [-55, 23, 0],
			"translation": [1, 9.25, 0],
			"scale": [2, 2, 2]
		}
	}
}