{
	"credit": "By NZ in Blockbench",
	"texture_size": [64, 64],
	"textures": {
		"1": "ht:blocks/room_safe"
	},
	"elements": [
		{
			"from": [2, 0, 6],
			"to": [14, 7, 15],
			"faces": {
				"north": {"uv": [3, 0, 6, 1.75], "texture": "#1"},
				"east": {"uv": [2.5, 5.5, 4.75, 7.25], "texture": "#1"},
				"south": {"uv": [3, 1.75, 6, 3.5], "texture": "#1"},
				"west": {"uv": [5.5, 3.5, 7.75, 5.25], "texture": "#1"},
				"up": {"uv": [3, 2.25, 0, 0], "texture": "#1"},
				"down": {"uv": [3, 2.25, 0, 4.5], "texture": "#1"}
			}
		},
		{
			"from": [3, 1, 14],
			"to": [13, 6, 6],
			"faces": {
				"north": {"uv": [4.75, 5.5, 7.25, 6.75], "texture": "#1"},
				"east": {"uv": [4.75, 6.75, 6.75, 8], "texture": "#1"},
				"south": {"uv": [6, 0, 8.5, 1.25], "texture": "#1"},
				"west": {"uv": [6.75, 6.75, 8.75, 8], "texture": "#1"},
				"up": {"uv": [5.5, 5.5, 3, 3.5], "texture": "#1"},
				"down": {"uv": [2.5, 4.5, 0, 6.5], "texture": "#1"}
			}
		},
		{
			"from": [3, 1, 6],
			"to": [13, 6, 7],
			"rotation": {"angle": 22.5, "axis": "y", "origin": [3, 3.5, 7]},
			"faces": {
				"north": {"uv": [6, 1.25, 8.5, 2.5], "texture": "#1"},
				"east": {"uv": [2.5, 7.25, 2.75, 8.5], "texture": "#1"},
				"south": {"uv": [0, 6.5, 2.5, 7.75], "texture": "#1"},
				"west": {"uv": [2.75, 7.25, 3, 8.5], "texture": "#1"},
				"up": {"uv": [8, 5.5, 5.5, 5.25], "texture": "#1"},
				"down": {"uv": [8.5, 2.5, 6, 2.75], "texture": "#1"}
			}
		}
	],
	"display": {
		"gui": {
			"rotation": [12, 162, 0],
			"translation": [-0.75, 3.5, 0]
		}
	}
}