{
	"credit": "Made with Blockbench",
	"texture_size": [64, 64],
	"textures": {
		"0": "blocks:safe",
		"particle": "blocks:safe"
	},
	"elements": [
		{
			"from": [2, 0, 4],
			"to": [14, 14, 16],
			"rotation": {"angle": 0, "axis": "y", "origin": [0, 0, 2]},
			"faces": {
				"north": {"uv": [0, 0, 3, 3.5], "texture": "#0"},
				"east": {"uv": [3, 0, 6, 3.5], "texture": "#0"},
				"south": {"uv": [0, 3.5, 3, 7], "texture": "#0"},
				"west": {"uv": [3, 3.5, 6, 7], "texture": "#0"},
				"up": {"uv": [9, 3, 6, 0], "texture": "#0"},
				"down": {"uv": [9, 3, 6, 6], "texture": "#0"}
			}
		},
		{
			"from": [14, 12, 15],
			"to": [2, 2, 4],
			"rotation": {"angle": 0, "axis": "y", "origin": [8, 7, 10]},
			"faces": {
				"north": {"uv": [0, 4, 2.75, 7], "texture": "#0"},
				"east": {"uv": [3, 3.5, 6, 7], "texture": "#0"},
				"south": {"uv": [0, 0, 3, 3.5], "texture": "#0"},
				"west": {"uv": [3, 0, 6, 3.5], "texture": "#0"},
				"up": {"uv": [6, 3.25, 3, 0.25], "texture": "#0"},
				"down": {"uv": [9, 3, 6, 6], "rotation": 180, "texture": "#0"}
			}
		},
		{
			"from": [3, 2, 3],
			"to": [13, 12, 4],
			"rotation": {"angle": -45, "axis": "y", "origin": [13, 7, 4]},
			"faces": {
				"north": {"uv": [6, 6, 8.5, 8.5], "texture": "#0"},
				"east": {"uv": [2.5, 7, 2.75, 9.5], "texture": "#0"},
				"south": {"uv": [0.25, 4.25, 2.75, 6.75], "texture": "#0"},
				"west": {"uv": [2.75, 7, 3, 9.5], "texture": "#0"},
				"up": {"uv": [5.5, 7.25, 3, 7], "texture": "#0"},
				"down": {"uv": [5.5, 7.25, 3, 7.5], "texture": "#0"}
			}
		}
	]
}