{
	"credit": "By NZ in Blockbench",
	"textures": {
		"0": "blocks:screwdriver"
	},
	"elements": [
		{
			"from": [8, 0, 8],
			"to": [12, 1, 9],
			"faces": {
				"north": {"uv": [0, 0, 4, 1], "texture": "#0"},
				"east": {"uv": [0, 0, 1, 1], "texture": "#0"},
				"south": {"uv": [0, 0, 4, 1], "texture": "#0"},
				"west": {"uv": [4, 0, 5, 1], "texture": "#0"},
				"up": {"uv": [0, 0, 4, 1], "texture": "#0"},
				"down": {"uv": [0, 0, 4, 1], "texture": "#0"}
			}
		},
		{
			"from": [4, 0.3, 8.2],
			"to": [8, 0.7, 8.8],
			"faces": {
				"north": {"uv": [5, 0, 9, 0.4], "texture": "#0"},
				"east": {"uv": [0, 0, 0.6, 0.4], "texture": "#missing"},
				"south": {"uv": [5, 0, 9, 0.4], "rotation": 180, "texture": "#0"},
				"west": {"uv": [8, 0, 8.6, 0.4], "texture": "#0"},
				"up": {"uv": [5, 0, 9, 0.6], "rotation": 180, "texture": "#0"},
				"down": {"uv": [5, 0, 9, 0.6], "rotation": 180, "texture": "#0"}
			}
		},
		{
			"from": [3.5, 0.4, 8.2],
			"to": [4, 0.6, 8.8],
			"faces": {
				"north": {"uv": [8, 0, 8.6, 0.2], "texture": "#0"},
				"east": {"uv": [8, 0, 8.6, 0.2], "texture": "#0"},
				"south": {"uv": [8, 0, 8.6, 0.2], "texture": "#0"},
				"west": {"uv": [8, 0, 8.6, 0.2], "texture": "#0"},
				"up": {"uv": [8, 0, 8.6, 0.2], "texture": "#0"},
				"down": {"uv": [8, 0, 8.6, 0.2], "texture": "#0"}
			}
		}
	],
	"display": {
		"thirdperson_righthand": {
			"rotation": [0, 0, -90],
			"translation": [6.25, 1.25, -0.25]
		},
		"thirdperson_lefthand": {
			"rotation": [89, 93, 0],
			"translation": [-1.25, 1.75, 7.5]
		},
		"firstperson_righthand": {
			"rotation": [69, -88, -1],
			"translation": [3, 5.5, 6.5]
		},
		"ground": {
			"rotation": [0, 0, -90],
			"translation": [7.5, 3.25, -0.5]
		},
		"gui": {
			"rotation": [-52, 37, -9],
			"translation": [1.5, 7.25, 0],
			"scale": [2, 2, 2]
		}
	}
}