{
	"credit": "By NZ in Blockbench",
	"textures": {
		"0": "slasher:blocks/skotch"
	},
	"elements": [
		{
			"from": [9.2, 0, 7.5],
			"to": [9.7, 1, 9.5],
			"rotation": {"angle": 0, "axis": "x", "origin": [10.25, 1.6, 4.5]},
			"faces": {
				"north": {"uv": [1, 1, 1.5, 2], "texture": "#0"},
				"east": {"uv": [1, 1, 3, 2], "texture": "#0"},
				"south": {"uv": [1, 1, 1.5, 2], "texture": "#0"},
				"west": {"uv": [3, 1, 5, 2], "rotation": 180, "texture": "#0"},
				"up": {"uv": [1, 1, 1.5, 3], "texture": "#0"},
				"down": {"uv": [1, 1, 1.5, 3], "texture": "#0"}
			}
		},
		{
			"from": [6.8, 0, 7.5],
			"to": [7.3, 1, 9.5],
			"rotation": {"angle": 0, "axis": "x", "origin": [10.25, 1.6, 4.5]},
			"faces": {
				"north": {"uv": [1, 1, 1.5, 2], "texture": "#0"},
				"east": {"uv": [3, 1, 5, 2], "rotation": 180, "texture": "#0"},
				"south": {"uv": [1, 1, 1.5, 2], "texture": "#0"},
				"west": {"uv": [1, 1, 3, 2], "texture": "#0"},
				"up": {"uv": [1, 1, 1.5, 3], "texture": "#0"},
				"down": {"uv": [1, 1, 1.5, 3], "texture": "#0"}
			}
		},
		{
			"from": [6.1, 0, 7.2],
			"to": [6.2, 1, 9.2],
			"rotation": {"angle": 45, "axis": "y", "origin": [6.75, 0.5, 8.5]},
			"faces": {
				"north": {"uv": [1, 1, 1.1, 2], "texture": "#0"},
				"east": {"uv": [1, 1, 3, 2], "texture": "#0"},
				"south": {"uv": [1, 1, 1.1, 2], "texture": "#0"},
				"west": {"uv": [1, 1, 3, 2], "texture": "#0"},
				"up": {"uv": [1, 1, 1.1, 3], "texture": "#0"},
				"down": {"uv": [1, 1, 1.1, 3], "texture": "#0"}
			}
		},
		{
			"from": [7.25, 0, 9.5],
			"to": [9.25, 1, 10],
			"rotation": {"angle": 0, "axis": "x", "origin": [10.25, 1.6, 4.5]},
			"faces": {
				"north": {"uv": [3, 1, 5, 2], "rotation": 180, "texture": "#0"},
				"east": {"uv": [1, 1, 1.5, 2], "rotation": 180, "texture": "#0"},
				"south": {"uv": [1, 1, 3, 2], "rotation": 180, "texture": "#0"},
				"west": {"uv": [1, 1, 1.5, 2], "rotation": 180, "texture": "#0"},
				"up": {"uv": [1, 1, 3, 1.5], "rotation": 180, "texture": "#0"},
				"down": {"uv": [1, 1, 3, 1.5], "rotation": 180, "texture": "#0"}
			}
		},
		{
			"from": [7.25, 0, 7],
			"to": [9.25, 1, 7.5],
			"rotation": {"angle": 0, "axis": "x", "origin": [10.25, 1.6, 4.5]},
			"faces": {
				"north": {"uv": [1, 1, 3, 2], "rotation": 180, "texture": "#0"},
				"east": {"uv": [1, 1, 1.5, 2], "rotation": 180, "texture": "#0"},
				"south": {"uv": [3, 1, 5, 2], "rotation": 180, "texture": "#0"},
				"west": {"uv": [1, 1, 1.5, 2], "rotation": 180, "texture": "#0"},
				"up": {"uv": [1, 1, 3, 1.5], "rotation": 180, "texture": "#0"},
				"down": {"uv": [1, 1, 3, 1.5], "rotation": 180, "texture": "#0"}
			}
		}
	],
	"display": {
		"thirdperson_righthand": {
			"rotation": [-20, -4, -98],
			"translation": [6.75, -0.5, -2.5]
		},
		"thirdperson_lefthand": {
			"rotation": [-3, -10, 6],
			"translation": [0, 7.5, -3.25]
		},
		"firstperson_righthand": {
			"rotation": [-74, 1, -80],
			"translation": [7, 1, 0.5]
		},
		"ground": {
			"rotation": [90, 0, 0],
			"translation": [0, -1.75, 7.5]
		},
		"gui": {
			"rotation": [42, 117, 0],
			"translation": [-1, 16.75, 0],
			"scale": [3.17, 3.17, 3.17]
		}
	}
}