{
	"credit": "By NZ in Blockbench",
	"texture_size": [32, 32],
	"textures": {
		"0": "blocks:sportbag_open",
		"particle": "blocks:sportbag_open"
	},
	"elements": [
		{
			"from": [1, 0, 4],
			"to": [15, 5, 11],
			"faces": {
				"north": {"uv": [0, 7, 7, 9.5], "texture": "#0"},
				"east": {"uv": [7, 8.5, 10.5, 11], "texture": "#0"},
				"south": {"uv": [7, 0, 14, 2.5], "texture": "#0"},
				"west": {"uv": [0, 9.5, 3.5, 12], "texture": "#0"},
				"up": {"uv": [7, 16, 0, 14], "texture": "#0"},
				"down": {"uv": [7, 3.5, 0, 7], "texture": "#0"}
			}
		},
		{
			"from": [5, 1.30656, 3.5412],
			"to": [11, 5.30656, 3.5412],
			"rotation": {"angle": -22.5, "axis": "x", "origin": [7, 2.30656, 4.5412]},
			"faces": {
				"north": {"uv": [3.5, 9.5, 6.5, 11.5], "texture": "#0"},
				"east": {"uv": [0, 0, 0, 2], "texture": "#0"},
				"south": {"uv": [10.5, 8.5, 13.5, 10.5], "texture": "#0"},
				"west": {"uv": [0, 0, 0, 2], "texture": "#0"},
				"up": {"uv": [3, 0, 0, 0], "texture": "#0"},
				"down": {"uv": [3, 0, 0, 0], "texture": "#0"}
			}
		},
		{
			"from": [5, 0.54158, 11.30564],
			"to": [11, 4.54158, 11.30564],
			"rotation": {"angle": 22.5, "axis": "x", "origin": [7, 1.54158, 12.30564]},
			"faces": {
				"north": {"uv": [10.5, 10.5, 13.5, 12.5], "texture": "#0"},
				"east": {"uv": [0, 0, 0, 2], "texture": "#0"},
				"south": {"uv": [6.5, 11, 9.5, 13], "texture": "#0"},
				"west": {"uv": [0, 0, 0, 2], "texture": "#0"},
				"up": {"uv": [3, 0, 0, 0], "texture": "#0"},
				"down": {"uv": [3, 0, 0, 0], "texture": "#0"}
			}
		},
		{
			"from": [5, 5.45, 9.25],
			"to": [11, 5.45, 13.25],
			"rotation": {"angle": 45, "axis": "x", "origin": [7, 6.00154, 11.98823]},
			"faces": {
				"north": {"uv": [0, 0, 3, 0], "texture": "#0"},
				"east": {"uv": [0, 0, 2, 0], "texture": "#0"},
				"south": {"uv": [0, 0, 3, 0], "texture": "#0"},
				"west": {"uv": [0, 0, 2, 0], "texture": "#0"},
				"up": {"uv": [6.5, 13.5, 3.5, 11.5], "texture": "#0"},
				"down": {"uv": [3, 12, 0, 14], "texture": "#0"}
			}
		},
		{
			"from": [6, 6.8, 9.5],
			"to": [10, 7.8, 10.5],
			"rotation": {"angle": -22.5, "axis": "x", "origin": [8, 7.03437, 10.29585]},
			"faces": {
				"north": {"uv": [6.5, 13, 8.5, 13.5], "texture": "#0"},
				"east": {"uv": [6.5, 9.5, 7, 10], "texture": "#0"},
				"south": {"uv": [3, 13.5, 5, 14], "texture": "#0"},
				"west": {"uv": [6.5, 10, 7, 10.5], "texture": "#0"},
				"up": {"uv": [7, 14, 5, 13.5], "texture": "#0"},
				"down": {"uv": [9, 13.5, 7, 14], "texture": "#0"}
			}
		},
		{
			"from": [5, 5.45, 3.25],
			"to": [11, 5.45, 7.25],
			"rotation": {"angle": -45, "axis": "x", "origin": [7, 4.1534, 3.77621]},
			"faces": {
				"north": {"uv": [0, 0, 3, 0], "texture": "#0"},
				"east": {"uv": [0, 0, 2, 0], "texture": "#0"},
				"south": {"uv": [0, 0, 3, 0], "texture": "#0"},
				"west": {"uv": [0, 0, 2, 0], "texture": "#0"},
				"up": {"uv": [12.5, 14.5, 9.5, 12.5], "texture": "#0"},
				"down": {"uv": [15.5, 12.5, 12.5, 14.5], "texture": "#0"}
			}
		},
		{
			"from": [6, 6.8, 4.5],
			"to": [10, 7.8, 5.5],
			"rotation": {"angle": 22.5, "axis": "x", "origin": [8, 7.03399, 4.70323]},
			"faces": {
				"north": {"uv": [13.5, 8.5, 15.5, 9], "texture": "#0"},
				"east": {"uv": [6.5, 10.5, 7, 11], "texture": "#0"},
				"south": {"uv": [13.5, 9, 15.5, 9.5], "texture": "#0"},
				"west": {"uv": [9.5, 11, 10, 11.5], "texture": "#0"},
				"up": {"uv": [15.5, 10, 13.5, 9.5], "texture": "#0"},
				"down": {"uv": [15.5, 10, 13.5, 10.5], "texture": "#0"}
			}
		},
		{
			"from": [1, 5, 4],
			"to": [15, 5, 7],
			"rotation": {"angle": -45, "axis": "x", "origin": [5, 5, 4]},
			"faces": {
				"north": {"uv": [0, 0, 7, 0], "texture": "#0"},
				"east": {"uv": [0, 0, 1.5, 0], "texture": "#0"},
				"south": {"uv": [0, 0, 7, 0], "texture": "#0"},
				"west": {"uv": [0, 0, 1.5, 0], "texture": "#0"},
				"up": {"uv": [7, 3.5, 0, 2], "texture": "#0"},
				"down": {"uv": [7, 2, 0, 3.5], "texture": "#0"}
			}
		},
		{
			"from": [1, 5, 8],
			"to": [15, 5, 11],
			"rotation": {"angle": 45, "axis": "x", "origin": [5, 5, 11]},
			"faces": {
				"north": {"uv": [0, 0, 7, 0], "texture": "#0"},
				"east": {"uv": [0, 0, 1.5, 0], "texture": "#0"},
				"south": {"uv": [0, 0, 7, 0], "texture": "#0"},
				"west": {"uv": [0, 0, 1.5, 0], "texture": "#0"},
				"up": {"uv": [7, 2, 0, 0.5], "texture": "#0"},
				"down": {"uv": [7, 0.5, 0, 2], "texture": "#0"}
			}
		},
		{
			"from": [1, 5, 4],
			"to": [15, 0, 11],
			"rotation": {"angle": 0, "axis": "y", "origin": [0, 5, 0]},
			"faces": {
				"north": {"uv": [0, 3.5, 7, 6], "texture": "#0"},
				"east": {"uv": [3.5, 4.5, 7, 7], "texture": "#0"},
				"south": {"uv": [0, 3.5, 7, 6], "texture": "#0"},
				"west": {"uv": [0, 4.5, 3.5, 7], "texture": "#0"},
				"up": {"uv": [7, 7, 0, 3.5], "texture": "#0"},
				"down": {"uv": [7, 3.5, 0, 7], "texture": "#0"}
			}
		},
		{
			"from": [1, 1, 4],
			"to": [15, 1, 11],
			"rotation": {"angle": 0, "axis": "y", "origin": [1, 0, 4]},
			"faces": {
				"north": {"uv": [0, 0, 7, 0], "texture": "#0"},
				"east": {"uv": [0, 0, 3.5, 0], "texture": "#0"},
				"south": {"uv": [0, 0, 7, 0], "texture": "#0"},
				"west": {"uv": [0, 0, 3.5, 0], "texture": "#0"},
				"up": {"uv": [0, 3.5, 7, 7], "texture": "#0"},
				"down": {"uv": [0, 3.5, 7, 7], "texture": "#0"}
			}
		}
	],
	"display": {
		"gui": {
			"rotation": [20, 38, 0],
			"translation": [0.25, 4.75, 0]
		}
	}
}