{
	"credit": "By NZ in Blockbench",
	"texture_size": [32, 32],
	"textures": {
		"2": "ht:blocks/suitcase"
	},
	"elements": [
		{
			"from": [1, 0, 12],
			"to": [15, 8, 15],
			"rotation": {"angle": 0, "axis": "y", "origin": [0, 0, -1]},
			"faces": {
				"north": {"uv": [0, 0, 7, 4], "texture": "#2"},
				"east": {"uv": [7, 3, 8.5, 7], "texture": "#2"},
				"south": {"uv": [0, 4, 7, 8], "texture": "#2"},
				"west": {"uv": [7, 7, 8.5, 11], "texture": "#2"},
				"up": {"uv": [14, 1.5, 7, 0], "texture": "#2"},
				"down": {"uv": [14, 1.5, 7, 3], "texture": "#2"}
			}
		},
		{
			"from": [2, 8.2, 13.6],
			"to": [4, 9.2, 13.61],
			"rotation": {"angle": 22.5, "axis": "x", "origin": [8, 8.5, 13.005]},
			"faces": {
				"north": {"uv": [6, 8, 7, 8.5], "texture": "#2"},
				"east": {"uv": [0, 0, 0, 0.5], "texture": "#2"},
				"south": {"uv": [0, 8.5, 1, 9], "texture": "#2"},
				"west": {"uv": [0, 0, 0, 0.5], "texture": "#2"},
				"up": {"uv": [1, 0, 0, 0], "texture": "#2"},
				"down": {"uv": [1, 0, 0, 0], "texture": "#2"}
			}
		},
		{
			"from": [12, 8.2, 13.6],
			"to": [14, 9.2, 13.61],
			"rotation": {"angle": 22.5, "axis": "x", "origin": [8, 8.5, 13.005]},
			"faces": {
				"north": {"uv": [1, 8.5, 2, 9], "texture": "#2"},
				"east": {"uv": [0, 0, 0, 0.5], "texture": "#2"},
				"south": {"uv": [2, 8.5, 3, 9], "texture": "#2"},
				"west": {"uv": [0, 0, 0, 0.5], "texture": "#2"},
				"up": {"uv": [1, 0, 0, 0], "texture": "#2"},
				"down": {"uv": [1, 0, 0, 0], "texture": "#2"}
			}
		},
		{
			"from": [5, 9.5, 13.5],
			"to": [11, 10.5, 13.51],
			"rotation": {"angle": 0, "axis": "y", "origin": [0, 0, -1]},
			"faces": {
				"north": {"uv": [0, 8, 3, 8.5], "texture": "#2"},
				"east": {"uv": [0, 0, 0, 0.5], "texture": "#2"},
				"south": {"uv": [3, 8, 6, 8.5], "texture": "#2"},
				"west": {"uv": [0, 0, 0, 0.5], "texture": "#2"},
				"up": {"uv": [3, 0, 0, 0], "texture": "#2"},
				"down": {"uv": [3, 0, 0, 0], "texture": "#2"}
			}
		},
		{
			"from": [5, 7.5, 13.5],
			"to": [6, 9.5, 13.51],
			"rotation": {"angle": 0, "axis": "y", "origin": [0, 0, -1]},
			"faces": {
				"north": {"uv": [3, 8.5, 3.5, 9.5], "texture": "#2"},
				"east": {"uv": [0, 0, 0, 1], "texture": "#2"},
				"south": {"uv": [8.5, 3, 9, 4], "texture": "#2"},
				"west": {"uv": [0, 0, 0, 1], "texture": "#2"},
				"up": {"uv": [0.5, 0, 0, 0], "texture": "#2"},
				"down": {"uv": [0.5, 0, 0, 0], "texture": "#2"}
			}
		},
		{
			"from": [10, 7.5, 13.5],
			"to": [11, 9.5, 13.51],
			"rotation": {"angle": 0, "axis": "y", "origin": [0, 0, -1]},
			"faces": {
				"north": {"uv": [3.5, 8.5, 4, 9.5], "texture": "#2"},
				"east": {"uv": [0, 0, 0, 1], "texture": "#2"},
				"south": {"uv": [4, 8.5, 4.5, 9.5], "texture": "#2"},
				"west": {"uv": [0, 0, 0, 1], "texture": "#2"},
				"up": {"uv": [0.5, 0, 0, 0], "texture": "#2"},
				"down": {"uv": [0.5, 0, 0, 0], "texture": "#2"}
			}
		},
		{
			"from": [1, 4, 12],
			"to": [15, 8, 12],
			"rotation": {"angle": 22.5, "axis": "x", "origin": [7, 8, 14]},
			"faces": {
				"north": {"uv": [0, 0, 7, 2], "texture": "#2"},
				"east": {"uv": [0, 0, 0, 2], "texture": "#missing"},
				"south": {"uv": [0, 0, 7, 2], "texture": "#2"},
				"west": {"uv": [0, 0, 0, 2], "texture": "#missing"},
				"up": {"uv": [0, 0, 7, 0], "texture": "#2"},
				"down": {"uv": [0, 0, 7, 0], "texture": "#2"}
			}
		},
		{
			"from": [1, 8, 12],
			"to": [15, 8, 14],
			"rotation": {"angle": 22.5, "axis": "x", "origin": [7, 8, 14]},
			"faces": {
				"north": {"uv": [0, 0, 7, 0], "rotation": 180, "texture": "#2"},
				"east": {"uv": [0, 0, 0, 1], "rotation": 270, "texture": "#missing"},
				"south": {"uv": [0, 0, 7, 0], "texture": "#2"},
				"west": {"uv": [0, 0, 0, 1], "rotation": 90, "texture": "#missing"},
				"up": {"uv": [0, 0, 7, 1], "rotation": 180, "texture": "#2"},
				"down": {"uv": [0, 0, 7, 1], "texture": "#2"}
			}
		},
		{
			"from": [1, 4, 11.99],
			"to": [15, 8, 11.99],
			"rotation": {"angle": 0, "axis": "y", "origin": [6, 4, 14]},
			"faces": {
				"north": {"uv": [0, 14, 7, 16], "texture": "#2"},
				"east": {"uv": [0, 0, 0, 2], "texture": "#missing"},
				"south": {"uv": [0, 14, 7, 16], "texture": "#2"},
				"west": {"uv": [0, 0, 0, 2], "texture": "#missing"},
				"up": {"uv": [0, 0, 7, 0], "texture": "#missing"},
				"down": {"uv": [0, 0, 7, 0], "texture": "#missing"}
			}
		},
		{
			"from": [1, 8.01, 12],
			"to": [15, 8.01, 14],
			"rotation": {"angle": 0, "axis": "x", "origin": [6, 6, 12]},
			"faces": {
				"north": {"uv": [0, 0, 7, 0], "rotation": 180, "texture": "#missing"},
				"east": {"uv": [0, 0, 0, 2], "rotation": 270, "texture": "#missing"},
				"south": {"uv": [0, 0, 7, 0], "texture": "#missing"},
				"west": {"uv": [0, 0, 0, 2], "rotation": 90, "texture": "#missing"},
				"up": {"uv": [0, 14, 7, 16], "rotation": 180, "texture": "#2"},
				"down": {"uv": [0, 14, 7, 16], "texture": "#2"}
			}
		}
	],
	"display": {
		"gui": {
			"rotation": [11, 166, 0],
			"translation": [-1.25, 2.75, 0]
		}
	}
}