{
	"credit": "Made with Blockbench",
	"texture_size": [64, 64],
	"textures": {
		"0": "block/supply_box",
		"particle": "block/supply_box"
	},
	"elements": [
		{
			"from": [-2, 7, 3],
			"to": [2, 9, 5],
			"rotation": {"angle": 0, "axis": "x", "origin": [8, 7, 13]},
			"faces": {
				"north": {"uv": [9, 3.5, 10, 4], "texture": "#0"},
				"east": {"uv": [9, 3, 9.5, 3.5], "texture": "#0"},
				"south": {"uv": [9.5, 4, 10.5, 4.5], "texture": "#0"},
				"west": {"uv": [10, 3, 10.5, 3.5], "texture": "#0"},
				"up": {"uv": [5.5, 10, 4.5, 9.5], "texture": "#0"},
				"down": {"uv": [10.5, 4.5, 9.5, 5], "texture": "#0"}
			}
		},
		{
			"from": [14, 7, 3],
			"to": [18, 9, 5],
			"rotation": {"angle": 0, "axis": "x", "origin": [8, 7, 13]},
			"faces": {
				"north": {"uv": [5.5, 9.5, 6.5, 10], "texture": "#0"},
				"east": {"uv": [10, 3.5, 10.5, 4], "texture": "#0"},
				"south": {"uv": [6.5, 9.5, 7.5, 10], "texture": "#0"},
				"west": {"uv": [0.5, 11.25, 1, 11.75], "texture": "#0"},
				"up": {"uv": [8.5, 10, 7.5, 9.5], "texture": "#0"},
				"down": {"uv": [10.5, 8.5, 9.5, 9], "texture": "#0"}
			}
		},
		{
			"from": [6, 7, 3],
			"to": [10, 9, 5],
			"rotation": {"angle": 0, "axis": "x", "origin": [8, 7, 13]},
			"faces": {
				"north": {"uv": [9.5, 9, 10.5, 9.5], "texture": "#0"},
				"east": {"uv": [1, 11.25, 1.5, 11.75], "texture": "#0"},
				"south": {"uv": [9.5, 9.5, 10.5, 10], "texture": "#0"},
				"west": {"uv": [1.5, 11.25, 2, 11.75], "texture": "#0"},
				"up": {"uv": [11, 0.5, 10, 0], "texture": "#0"},
				"down": {"uv": [11, 0.5, 10, 1], "texture": "#0"}
			}
		},
		{
			"from": [2, 7, 4],
			"to": [6, 9, 5],
			"rotation": {"angle": 0, "axis": "x", "origin": [8, 7, 13]},
			"faces": {
				"north": {"uv": [10, 1, 11, 1.5], "texture": "#0"},
				"east": {"uv": [8.5, 11.25, 8.75, 11.75], "texture": "#0"},
				"south": {"uv": [10, 1.5, 11, 2], "texture": "#0"},
				"west": {"uv": [8.75, 11.25, 9, 11.75], "texture": "#0"},
				"up": {"uv": [12.25, 2, 11.25, 1.75], "texture": "#0"},
				"down": {"uv": [3, 11.25, 2, 11.5], "texture": "#0"}
			}
		},
		{
			"from": [10, 7, 4],
			"to": [14, 9, 5],
			"rotation": {"angle": 0, "axis": "x", "origin": [8, 7, 13]},
			"faces": {
				"north": {"uv": [10, 2, 11, 2.5], "texture": "#0"},
				"east": {"uv": [11.25, 10, 11.5, 10.5], "texture": "#0"},
				"south": {"uv": [10, 2.5, 11, 3], "texture": "#0"},
				"west": {"uv": [11.25, 10.5, 11.5, 11], "texture": "#0"},
				"up": {"uv": [12.25, 2.25, 11.25, 2], "texture": "#0"},
				"down": {"uv": [12.25, 2.25, 11.25, 2.5], "texture": "#0"}
			}
		},
		{
			"from": [-2, 7, 11],
			"to": [18, 9, 13],
			"rotation": {"angle": 0, "axis": "x", "origin": [8, 7, 13]},
			"faces": {
				"north": {"uv": [0, 4, 5, 4.5], "texture": "#0"},
				"east": {"uv": [11.25, 2.5, 11.75, 3], "texture": "#0"},
				"south": {"uv": [0, 4.5, 5, 5], "texture": "#0"},
				"west": {"uv": [3, 11.25, 3.5, 11.75], "texture": "#0"},
				"up": {"uv": [9.5, 0.5, 4.5, 0], "texture": "#0"},
				"down": {"uv": [9.5, 0.5, 4.5, 1], "texture": "#0"}
			}
		},
		{
			"from": [-2, 7, 7],
			"to": [18, 9, 9],
			"rotation": {"angle": 0, "axis": "x", "origin": [8, 7, 13]},
			"faces": {
				"north": {"uv": [4.5, 1, 9.5, 1.5], "texture": "#0"},
				"east": {"uv": [11.25, 3, 11.75, 3.5], "texture": "#0"},
				"south": {"uv": [4.5, 1.5, 9.5, 2], "texture": "#0"},
				"west": {"uv": [3.5, 11.25, 4, 11.75], "texture": "#0"},
				"up": {"uv": [9.5, 2.5, 4.5, 2], "texture": "#0"},
				"down": {"uv": [9.5, 2.5, 4.5, 3], "texture": "#0"}
			}
		},
		{
			"from": [-1, 7, 9],
			"to": [17, 9, 11],
			"rotation": {"angle": 0, "axis": "x", "origin": [8, 7, 13]},
			"faces": {
				"north": {"uv": [4.5, 3, 9, 3.5], "texture": "#0"},
				"east": {"uv": [11.25, 3.5, 11.75, 4], "texture": "#0"},
				"south": {"uv": [4.5, 3.5, 9, 4], "texture": "#0"},
				"west": {"uv": [4, 11.25, 4.5, 11.75], "texture": "#0"},
				"up": {"uv": [4.5, 5.5, 0, 5], "texture": "#0"},
				"down": {"uv": [9.5, 4, 5, 4.5], "texture": "#0"}
			}
		},
		{
			"from": [-1, 7, 5],
			"to": [17, 9, 7],
			"rotation": {"angle": 0, "axis": "x", "origin": [8, 7, 13]},
			"faces": {
				"north": {"uv": [4.5, 5, 9, 5.5], "texture": "#0"},
				"east": {"uv": [11.25, 4, 11.75, 4.5], "texture": "#0"},
				"south": {"uv": [5, 4.5, 9.5, 5], "texture": "#0"},
				"west": {"uv": [11.25, 4.5, 11.75, 5], "texture": "#0"},
				"up": {"uv": [4.5, 6, 0, 5.5], "texture": "#0"},
				"down": {"uv": [9, 5.5, 4.5, 6], "texture": "#0"}
			}
		},
		{
			"from": [14, 0, 3],
			"to": [18, 7, 4],
			"rotation": {"angle": 0, "axis": "y", "origin": [9, 0, 3]},
			"faces": {
				"north": {"uv": [0, 6, 1, 7.75], "texture": "#0"},
				"east": {"uv": [8.5, 9.5, 8.75, 11.25], "texture": "#0"},
				"south": {"uv": [1, 6, 2, 7.75], "texture": "#0"},
				"west": {"uv": [8.75, 9.5, 9, 11.25], "texture": "#0"},
				"up": {"uv": [12.25, 5.25, 11.25, 5], "texture": "#0"},
				"down": {"uv": [12.25, 5.25, 11.25, 5.5], "texture": "#0"}
			}
		},
		{
			"from": [10, 0, 12],
			"to": [14, 7, 13],
			"rotation": {"angle": 0, "axis": "y", "origin": [5, 0, 12]},
			"faces": {
				"north": {"uv": [2, 6, 3, 7.75], "texture": "#0"},
				"east": {"uv": [4.5, 10, 4.75, 11.75], "texture": "#0"},
				"south": {"uv": [3, 6, 4, 7.75], "texture": "#0"},
				"west": {"uv": [4.75, 10, 5, 11.75], "texture": "#0"},
				"up": {"uv": [12.25, 5.75, 11.25, 5.5], "texture": "#0"},
				"down": {"uv": [12.25, 5.75, 11.25, 6], "texture": "#0"}
			}
		},
		{
			"from": [2, 0, 12],
			"to": [6, 7, 13],
			"rotation": {"angle": 0, "axis": "y", "origin": [-3, 0, 12]},
			"faces": {
				"north": {"uv": [4, 6, 5, 7.75], "texture": "#0"},
				"east": {"uv": [5, 10, 5.25, 11.75], "texture": "#0"},
				"south": {"uv": [5, 6, 6, 7.75], "texture": "#0"},
				"west": {"uv": [10, 5, 10.25, 6.75], "texture": "#0"},
				"up": {"uv": [12.25, 6.25, 11.25, 6], "texture": "#0"},
				"down": {"uv": [12.25, 6.25, 11.25, 6.5], "texture": "#0"}
			}
		},
		{
			"from": [6, 0, 12],
			"to": [10, 7, 13],
			"rotation": {"angle": 0, "axis": "y", "origin": [1, 0, 12]},
			"faces": {
				"north": {"uv": [6, 6, 7, 7.75], "texture": "#0"},
				"east": {"uv": [5.25, 10, 5.5, 11.75], "texture": "#0"},
				"south": {"uv": [7, 6, 8, 7.75], "texture": "#0"},
				"west": {"uv": [5.5, 10, 5.75, 11.75], "texture": "#0"},
				"up": {"uv": [12.25, 6.75, 11.25, 6.5], "texture": "#0"},
				"down": {"uv": [12.25, 6.75, 11.25, 7], "texture": "#0"}
			}
		},
		{
			"from": [-2, 0, 12],
			"to": [2, 7, 13],
			"rotation": {"angle": 0, "axis": "y", "origin": [-7, 0, 12]},
			"faces": {
				"north": {"uv": [0, 7.75, 1, 9.5], "texture": "#0"},
				"east": {"uv": [5.75, 10, 6, 11.75], "texture": "#0"},
				"south": {"uv": [1, 7.75, 2, 9.5], "texture": "#0"},
				"west": {"uv": [6, 10, 6.25, 11.75], "texture": "#0"},
				"up": {"uv": [12.25, 7.25, 11.25, 7], "texture": "#0"},
				"down": {"uv": [12.25, 7.25, 11.25, 7.5], "texture": "#0"}
			}
		},
		{
			"from": [14, 0, 12],
			"to": [18, 7, 13],
			"rotation": {"angle": 0, "axis": "y", "origin": [9, 0, 12]},
			"faces": {
				"north": {"uv": [2, 7.75, 3, 9.5], "texture": "#0"},
				"east": {"uv": [6.25, 10, 6.5, 11.75], "texture": "#0"},
				"south": {"uv": [3, 7.75, 4, 9.5], "texture": "#0"},
				"west": {"uv": [6.5, 10, 6.75, 11.75], "texture": "#0"},
				"up": {"uv": [12.25, 7.75, 11.25, 7.5], "texture": "#0"},
				"down": {"uv": [12.25, 7.75, 11.25, 8], "texture": "#0"}
			}
		},
		{
			"from": [-2, 0, 3],
			"to": [2, 7, 4],
			"rotation": {"angle": 0, "axis": "y", "origin": [-7, 0, 3]},
			"faces": {
				"north": {"uv": [4, 7.75, 5, 9.5], "texture": "#0"},
				"east": {"uv": [6.75, 10, 7, 11.75], "texture": "#0"},
				"south": {"uv": [5, 7.75, 6, 9.5], "texture": "#0"},
				"west": {"uv": [10, 6.75, 10.25, 8.5], "texture": "#0"},
				"up": {"uv": [12.25, 8.25, 11.25, 8], "texture": "#0"},
				"down": {"uv": [12.25, 8.25, 11.25, 8.5], "texture": "#0"}
			}
		},
		{
			"from": [6, 0, 3],
			"to": [10, 7, 4],
			"rotation": {"angle": 0, "axis": "y", "origin": [1, 0, 3]},
			"faces": {
				"north": {"uv": [6, 7.75, 7, 9.5], "texture": "#0"},
				"east": {"uv": [7, 10, 7.25, 11.75], "texture": "#0"},
				"south": {"uv": [7, 7.75, 8, 9.5], "texture": "#0"},
				"west": {"uv": [7.25, 10, 7.5, 11.75], "texture": "#0"},
				"up": {"uv": [12.25, 8.75, 11.25, 8.5], "texture": "#0"},
				"down": {"uv": [12.25, 8.75, 11.25, 9], "texture": "#0"}
			}
		},
		{
			"from": [2, 0, 4],
			"to": [6, 7, 5],
			"rotation": {"angle": 0, "axis": "y", "origin": [-3, 0, 4]},
			"faces": {
				"north": {"uv": [8, 6, 9, 7.75], "texture": "#0"},
				"east": {"uv": [7.5, 10, 7.75, 11.75], "texture": "#0"},
				"south": {"uv": [8, 7.75, 9, 9.5], "texture": "#0"},
				"west": {"uv": [7.75, 10, 8, 11.75], "texture": "#0"},
				"up": {"uv": [12.25, 9.25, 11.25, 9], "texture": "#0"},
				"down": {"uv": [12.25, 9.25, 11.25, 9.5], "texture": "#0"}
			}
		},
		{
			"from": [10, 0, 4],
			"to": [14, 7, 5],
			"rotation": {"angle": 0, "axis": "y", "origin": [5, 0, 4]},
			"faces": {
				"north": {"uv": [9, 5, 10, 6.75], "texture": "#0"},
				"east": {"uv": [8, 10, 8.25, 11.75], "texture": "#0"},
				"south": {"uv": [9, 6.75, 10, 8.5], "texture": "#0"},
				"west": {"uv": [8.25, 10, 8.5, 11.75], "texture": "#0"},
				"up": {"uv": [12.25, 9.75, 11.25, 9.5], "texture": "#0"},
				"down": {"uv": [12.25, 9.75, 11.25, 10], "texture": "#0"}
			}
		},
		{
			"from": [17, 0, 11],
			"to": [18, 7, 12],
			"rotation": {"angle": 0, "axis": "y", "origin": [12, 0, 4]},
			"faces": {
				"north": {"uv": [9.5, 10, 9.75, 11.75], "texture": "#0"},
				"east": {"uv": [9.75, 10, 10, 11.75], "texture": "#0"},
				"south": {"uv": [10, 10, 10.25, 11.75], "texture": "#0"},
				"west": {"uv": [10.25, 5, 10.5, 6.75], "texture": "#0"},
				"up": {"uv": [11.75, 1.75, 11.5, 1.5], "texture": "#0"},
				"down": {"uv": [11.75, 11.5, 11.5, 11.75], "texture": "#0"}
			}
		},
		{
			"from": [17, 0, 4],
			"to": [18, 7, 5],
			"rotation": {"angle": 0, "axis": "y", "origin": [12, 0, -1]},
			"faces": {
				"north": {"uv": [10.25, 6.75, 10.5, 8.5], "texture": "#0"},
				"east": {"uv": [9, 10.25, 9.25, 12], "texture": "#0"},
				"south": {"uv": [9.25, 10.25, 9.5, 12], "texture": "#0"},
				"west": {"uv": [10.25, 10, 10.5, 11.75], "texture": "#0"},
				"up": {"uv": [12, 0.25, 11.75, 0], "texture": "#0"},
				"down": {"uv": [12, 0.25, 11.75, 0.5], "texture": "#0"}
			}
		},
		{
			"from": [17, 0, 7],
			"to": [18, 7, 9],
			"rotation": {"angle": 0, "axis": "y", "origin": [12, 0, 3]},
			"faces": {
				"north": {"uv": [10.5, 3, 10.75, 4.75], "texture": "#0"},
				"east": {"uv": [9, 8.5, 9.5, 10.25], "texture": "#0"},
				"south": {"uv": [10.5, 4.75, 10.75, 6.5], "texture": "#0"},
				"west": {"uv": [0, 9.5, 0.5, 11.25], "texture": "#0"},
				"up": {"uv": [11.5, 11.5, 11.25, 11], "texture": "#0"},
				"down": {"uv": [11.75, 0, 11.5, 0.5], "texture": "#0"}
			}
		},
		{
			"from": [16, 0, 9],
			"to": [17, 7, 11],
			"rotation": {"angle": 0, "axis": "y", "origin": [11, 0, 5]},
			"faces": {
				"north": {"uv": [10.5, 6.5, 10.75, 8.25], "texture": "#0"},
				"east": {"uv": [9.5, 0, 10, 1.75], "texture": "#0"},
				"south": {"uv": [10.5, 8.25, 10.75, 10], "texture": "#0"},
				"west": {"uv": [0.5, 9.5, 1, 11.25], "texture": "#0"},
				"up": {"uv": [11.75, 1, 11.5, 0.5], "texture": "#0"},
				"down": {"uv": [11.75, 1, 11.5, 1.5], "texture": "#0"}
			}
		},
		{
			"from": [16, 0, 5],
			"to": [17, 7, 7],
			"rotation": {"angle": 0, "axis": "y", "origin": [11, 0, 1]},
			"faces": {
				"north": {"uv": [10.5, 10, 10.75, 11.75], "texture": "#0"},
				"east": {"uv": [1, 9.5, 1.5, 11.25], "texture": "#0"},
				"south": {"uv": [10.75, 3, 11, 4.75], "texture": "#0"},
				"west": {"uv": [1.5, 9.5, 2, 11.25], "texture": "#0"},
				"up": {"uv": [2.25, 12, 2, 11.5], "texture": "#0"},
				"down": {"uv": [2.5, 11.5, 2.25, 12], "texture": "#0"}
			}
		},
		{
			"from": [-2, 0, 11],
			"to": [-1, 7, 12],
			"rotation": {"angle": 0, "axis": "y", "origin": [-7, 0, 4]},
			"faces": {
				"north": {"uv": [10.75, 4.75, 11, 6.5], "texture": "#0"},
				"east": {"uv": [10.75, 6.5, 11, 8.25], "texture": "#0"},
				"south": {"uv": [10.75, 8.25, 11, 10], "texture": "#0"},
				"west": {"uv": [10.75, 10, 11, 11.75], "texture": "#0"},
				"up": {"uv": [0.75, 12, 0.5, 11.75], "texture": "#0"},
				"down": {"uv": [12, 0.5, 11.75, 0.75], "texture": "#0"}
			}
		},
		{
			"from": [-1, 0, 9],
			"to": [0, 7, 11],
			"rotation": {"angle": 0, "axis": "y", "origin": [-6, 0, 5]},
			"faces": {
				"north": {"uv": [11, 0, 11.25, 1.75], "texture": "#0"},
				"east": {"uv": [9.5, 1.75, 10, 3.5], "texture": "#0"},
				"south": {"uv": [11, 1.75, 11.25, 3.5], "texture": "#0"},
				"west": {"uv": [2, 9.5, 2.5, 11.25], "texture": "#0"},
				"up": {"uv": [2.75, 12, 2.5, 11.5], "texture": "#0"},
				"down": {"uv": [3, 11.5, 2.75, 12], "texture": "#0"}
			}
		},
		{
			"from": [-2, 0, 7],
			"to": [-1, 7, 9],
			"rotation": {"angle": 0, "axis": "y", "origin": [-7, 0, 3]},
			"faces": {
				"north": {"uv": [11, 3.5, 11.25, 5.25], "texture": "#0"},
				"east": {"uv": [2.5, 9.5, 3, 11.25], "texture": "#0"},
				"south": {"uv": [11, 5.25, 11.25, 7], "texture": "#0"},
				"west": {"uv": [3, 9.5, 3.5, 11.25], "texture": "#0"},
				"up": {"uv": [11.75, 10.5, 11.5, 10], "texture": "#0"},
				"down": {"uv": [11.75, 10.5, 11.5, 11], "texture": "#0"}
			}
		},
		{
			"from": [-1, 0, 5],
			"to": [0, 7, 7],
			"rotation": {"angle": 0, "axis": "y", "origin": [-6, 0, 1]},
			"faces": {
				"north": {"uv": [11, 7, 11.25, 8.75], "texture": "#0"},
				"east": {"uv": [3.5, 9.5, 4, 11.25], "texture": "#0"},
				"south": {"uv": [11, 8.75, 11.25, 10.5], "texture": "#0"},
				"west": {"uv": [4, 9.5, 4.5, 11.25], "texture": "#0"},
				"up": {"uv": [11.75, 11.5, 11.5, 11], "texture": "#0"},
				"down": {"uv": [11.5, 11.5, 11.25, 12], "texture": "#0"}
			}
		},
		{
			"from": [-2, 0, 4],
			"to": [-1, 7, 5],
			"rotation": {"angle": 0, "axis": "y", "origin": [-7, 0, -1]},
			"faces": {
				"north": {"uv": [11, 10.5, 11.25, 12.25], "texture": "#0"},
				"east": {"uv": [0, 11.25, 0.25, 13], "texture": "#0"},
				"south": {"uv": [11.25, 0, 11.5, 1.75], "texture": "#0"},
				"west": {"uv": [0.25, 11.25, 0.5, 13], "texture": "#0"},
				"up": {"uv": [1, 12, 0.75, 11.75], "texture": "#0"},
				"down": {"uv": [12, 0.75, 11.75, 1], "texture": "#0"}
			}
		},
		{
			"from": [-1, 0, 4],
			"to": [17, 0, 12],
			"rotation": {"angle": 0, "axis": "y", "origin": [0, 0, 7]},
			"faces": {
				"north": {"uv": [0, 0, 4.5, 0], "texture": "#0"},
				"east": {"uv": [0, 0, 2, 0], "texture": "#0"},
				"south": {"uv": [0, 0, 4.5, 0], "texture": "#0"},
				"west": {"uv": [0, 0, 2, 0], "texture": "#0"},
				"up": {"uv": [4.5, 2, 0, 0], "texture": "#0"},
				"down": {"uv": [4.5, 2, 0, 4], "texture": "#0"}
			}
		}
	],
	"display": {},
	"groups": [
		{
			"name": "upper",
			"origin": [7, 0, 4],
			"color": 0,
			"children": [0, 1, 2, 3, 4, 5, 6, 7, 8]
		},
		{
			"name": "lower",
			"origin": [7, 0, 4],
			"color": 0,
			"children": [9, 10, 11, 12, 13, 14, 15, 16, 17, 18, 19, 20, 21, 22, 23, 24, 25, 26, 27, 28, 29]
		}
	]
}