{
	"credit": "Made with Blockbench",
	"texture_size": [32, 32],
	"textures": {
		"0": "block/water",
		"particle": "block/water"
	},
	"elements": [
		{
			"from": [6, 0, 6],
			"to": [10, 3, 10],
			"rotation": {"angle": 0, "axis": "y", "origin": [7, 0, 7]},
			"faces": {
				"north": {"uv": [6, 4, 8, 5.5], "texture": "#0"},
				"east": {"uv": [6, 5.5, 8, 7], "texture": "#0"},
				"south": {"uv": [0, 7, 2, 8.5], "texture": "#0"},
				"west": {"uv": [2, 7, 4, 8.5], "texture": "#0"},
				"up": {"uv": [6, 2, 4, 0], "texture": "#0"},
				"down": {"uv": [6, 2, 4, 4], "texture": "#0"}
			}
		},
		{
			"from": [7, 12, 8],
			"to": [9, 14, 10],
			"rotation": {"angle": -22.5, "axis": "x", "origin": [7, 12, 10]},
			"faces": {
				"north": {"uv": [4, 8, 5, 9], "texture": "#0"},
				"east": {"uv": [8, 4, 9, 5], "texture": "#0"},
				"south": {"uv": [5, 8, 6, 9], "texture": "#0"},
				"west": {"uv": [8, 5, 9, 6], "texture": "#0"},
				"up": {"uv": [9, 7, 8, 6], "texture": "#0"},
				"down": {"uv": [1, 8.5, 0, 9.5], "texture": "#0"}
			}
		},
		{
			"from": [6, 12, 7],
			"to": [8, 14, 9],
			"rotation": {"angle": -22.5, "axis": "z", "origin": [6, 12, 7]},
			"faces": {
				"north": {"uv": [1, 8.5, 2, 9.5], "texture": "#0"},
				"east": {"uv": [2, 8.5, 3, 9.5], "texture": "#0"},
				"south": {"uv": [3, 8.5, 4, 9.5], "texture": "#0"},
				"west": {"uv": [6, 8.5, 7, 9.5], "texture": "#0"},
				"up": {"uv": [8, 9.5, 7, 8.5], "texture": "#0"},
				"down": {"uv": [9, 8.5, 8, 9.5], "texture": "#0"}
			}
		},
		{
			"from": [8, 12, 7],
			"to": [10, 14, 9],
			"rotation": {"angle": 22.5, "axis": "z", "origin": [10, 12, 7]},
			"faces": {
				"north": {"uv": [4, 9, 5, 10], "texture": "#0"},
				"east": {"uv": [9, 4, 10, 5], "texture": "#0"},
				"south": {"uv": [5, 9, 6, 10], "texture": "#0"},
				"west": {"uv": [9, 5, 10, 6], "texture": "#0"},
				"up": {"uv": [10, 7, 9, 6], "texture": "#0"},
				"down": {"uv": [10, 7, 9, 8], "texture": "#0"}
			}
		},
		{
			"from": [7, 12, 6],
			"to": [9, 14, 8],
			"rotation": {"angle": 22.5, "axis": "x", "origin": [7, 12, 6]},
			"faces": {
				"north": {"uv": [9, 8, 10, 9], "texture": "#0"},
				"east": {"uv": [9, 9, 10, 10], "texture": "#0"},
				"south": {"uv": [0, 9.5, 1, 10.5], "texture": "#0"},
				"west": {"uv": [1, 9.5, 2, 10.5], "texture": "#0"},
				"up": {"uv": [3, 10.5, 2, 9.5], "texture": "#0"},
				"down": {"uv": [4, 9.5, 3, 10.5], "texture": "#0"}
			}
		},
		{
			"from": [7, 13, 7],
			"to": [9, 14.5, 9],
			"rotation": {"angle": 0, "axis": "y", "origin": [7, 13, 7]},
			"faces": {
				"north": {"uv": [6, 9.5, 7, 10.5], "texture": "#0"},
				"east": {"uv": [7, 9.5, 8, 10.5], "texture": "#0"},
				"south": {"uv": [8, 9.5, 9, 10.5], "texture": "#0"},
				"west": {"uv": [10, 0, 11, 1], "texture": "#0"},
				"up": {"uv": [11, 2, 10, 1], "texture": "#0"},
				"down": {"uv": [11, 2, 10, 3], "texture": "#0"}
			}
		},
		{
			"from": [6.75, 14.5, 6.75],
			"to": [9.25, 15.5, 9.25],
			"rotation": {"angle": 0, "axis": "y", "origin": [7, 15, 7]},
			"faces": {
				"north": {"uv": [10, 3, 11.5, 3.5], "texture": "#0"},
				"east": {"uv": [10, 3.5, 11.5, 4], "texture": "#0"},
				"south": {"uv": [4, 10, 5.5, 10.5], "texture": "#0"},
				"west": {"uv": [10, 4, 11.5, 4.5], "texture": "#0"},
				"up": {"uv": [7.5, 8.5, 6, 7], "texture": "#0"},
				"down": {"uv": [9, 7, 7.5, 8.5], "texture": "#0"}
			}
		},
		{
			"from": [6, 10, 6],
			"to": [10, 12, 10],
			"rotation": {"angle": 0, "axis": "y", "origin": [7, 9, 7]},
			"faces": {
				"north": {"uv": [8, 0, 10, 1], "texture": "#0"},
				"east": {"uv": [8, 1, 10, 2], "texture": "#0"},
				"south": {"uv": [8, 2, 10, 3], "texture": "#0"},
				"west": {"uv": [8, 3, 10, 4], "texture": "#0"},
				"up": {"uv": [6, 6, 4, 4], "texture": "#0"},
				"down": {"uv": [8, 0, 6, 2], "texture": "#0"}
			}
		},
		{
			"from": [6.125, 3, 6.125],
			"to": [9.875, 10, 9.875],
			"rotation": {"angle": 0, "axis": "y", "origin": [7, 2, 7]},
			"faces": {
				"north": {"uv": [0, 0, 2, 3.5], "texture": "#0"},
				"east": {"uv": [2, 0, 4, 3.5], "texture": "#0"},
				"south": {"uv": [0, 3.5, 2, 7], "texture": "#0"},
				"west": {"uv": [2, 3.5, 4, 7], "texture": "#0"},
				"up": {"uv": [8, 4, 6, 2], "texture": "#0"},
				"down": {"uv": [6, 6, 4, 8], "texture": "#0"}
			}
		}
	],
	"display": {
		"thirdperson_righthand": {
			"scale": [0.5, 0.5, 0.5]
		},
		"firstperson_righthand": {
			"rotation": [0, 20, 0],
			"translation": [0.5, 1.25, 0]
		},
		"ground": {
			"translation": [0, 4.25, 0]
		},
		"gui": {
			"rotation": [0, 40, 30],
			"translation": [0, 0.25, 0]
		}
	}
}